mode,scenario,backend,configuredFailureRate,transactionCount,concurrency,repetitionNumber,randomSeed,runStartedAt,runEndedAt,actualInjectedFailureCount,actualInjectedFailureRate,attemptCount,requestAttemptCount,successRate,attemptSuccessRate,logicalTransactionSuccessRate,logicalTransactionCount,completedLogicalTransactions,terminalFailedLogicalTransactions,nonTerminalLogicalTransactions,failureRate,recoveryRate,recoveryAttempted,recoveryAttemptedRate,recoveryCompleted,recoveryCompletedRate,recoveryFailed,recoveryFailedRate,recoverySuccessRate,nonTerminalAfterRecoveryRate,compensatedTransactions,compensationRate,duplicateOrderCount,duplicateOrderRate,duplicatePaymentCount,duplicatePaymentRate,orphanedOrderCount,orphanedOrderRate,invariantViolationCount,invariantViolationRate,retryCount,averageRetryCount,operationRetryCount,averageOperationRetryCount,compensationRetryCount,averageCompensationRetryCount,totalRetryCount,averageTotalRetryCount,p50Latency,p50LatencyMs,p95Latency,p95LatencyMs,p99Latency,p99LatencyMs,throughput,throughputTransactionsPerSecond,recoveryTime,averageRecoveryTimeMs,p95RecoveryTimeMs,reconciliationWindowMs,summaryPath,phase
baseline,f0-no-failure,services,0.0,10000,1,1,2026081400,2026-08-15T00:00:16.963672+00:00,2026-08-15T00:01:53.011206+00:00,0,0.0,10000,10000,1.0,1.0,1.0,10000,10000,0,0,0.0,0.0,0,0.0,0,0.0,0,0.0,NA,NA,0,0.0,0,0.0,0,0.0,0,0.0,0,0.0,0,0.0,0,0.0,0,0.0,0,0.0,9.455062499998945,9.455062499998945,11.040374999993219,11.040374999993219,14.53404100000455,14.53404100000455,104.12317025135661,104.12317025135661,NA,NA,NA,2000,results/phase_b2_services/raw/f0-no-failure/rate-0p00/concurrency-001/baseline/f0-no-failure/b2d007a6-56d8-4893-9b62-ac60ed4f2d75/rep-0001/summary.csv,B2
baseline,f0-no-failure,services,0.0,10000,1,2,2026081401,2026-08-15T00:01:53.461060+00:00,2026-08-15T00:03:30.562470+00:00,0,0.0,10000,10000,1.0,1.0,1.0,10000,10000,0,0,0.0,0.0,0,0.0,0,0.0,0,0.0,NA,NA,0,0.0,0,0.0,0,0.0,0,0.0,0,0.0,0,0.0,0,0.0,0,0.0,0,0.0,9.5500004999991,9.5500004999991,11.139749999983906,11.139749999983906,15.914584000000787,15.914584000000787,102.99274419363486,102.99274419363486,NA,NA,NA,2000,results/phase_b2_services/raw/f0-no-failure/rate-0p00/concurrency-001/baseline/f0-no-failure/965a3277-fec5-4825-822d-266b4cf5db9a/rep-0002/summary.csv,B2
baseline,f0-no-failure,services,0.0,10000,1,3,2026081402,2026-08-15T00:03:30.985314+00:00,2026-08-15T00:05:03.691678+00:00,0,0.0,10000,10000,1.0,1.0,1.0,10000,10000,0,0,0.0,0.0,0,0.0,0,0.0,0,0.0,NA,NA,0,0.0,0,0.0,0,0.0,0,0.0,0,0.0,0,0.0,0,0.0,0,0.0,0,0.0,8.91972899999871,8.91972899999871,11.136999999990849,11.136999999990849,15.68637499997294,15.68637499997294,107.87589416676828,107.87589416676828,NA,NA,NA,2000,results/phase_b2_services/raw/f0-no-failure/rate-0p00/concurrency-001/baseline/f0-no-failure/ee967a54-29c0-4b94-8e94-91e20a2df840/rep-0003/summary.csv,B2
baseline,f0-no-failure,services,0.0,10000,1,4,2026081403,2026-08-15T00:05:04.159023+00:00,2026-08-15T00:06:46.903034+00:00,0,0.0,10000,10000,1.0,1.0,1.0,10000,10000,0,0,0.0,0.0,0,0.0,0,0.0,0,0.0,NA,NA,0,0.0,0,0.0,0,0.0,0,0.0,0,0.0,0,0.0,0,0.0,0,0.0,0,0.0,9.824083499978542,9.824083499978542,13.365125000007083,13.365125000007083,18.039582999961112,18.039582999961112,97.33727326883483,97.33727326883483,NA,NA,NA,2000,results/phase_b2_services/raw/f0-no-failure/rate-0p00/concurrency-001/baseline/f0-no-failure/ac1394c6-a83e-4dc8-8cb1-d34cf898fc33/rep-0004/summary.csv,B2
baseline,f0-no-failure,services,0.0,10000,1,5,2026081404,2026-08-15T00:06:47.403720+00:00,2026-08-15T00:08:26.641853+00:00,0,0.0,10000,10000,1.0,1.0,1.0,10000,10000,0,0,0.0,0.0,0,0.0,0,0.0,0,0.0,NA,NA,0,0.0,0,0.0,0,0.0,0,0.0,0,0.0,0,0.0,0,0.0,0,0.0,0,0.0,9.699854500013316,9.699854500013316,11.620750000020053,11.620750000020053,16.663166999990153,16.663166999990153,100.7752614825525,100.7752614825525,NA,NA,NA,2000,results/phase_b2_services/raw/f0-no-failure/rate-0p00/concurrency-001/baseline/f0-no-failure/5b03fa73-d0db-44af-84ef-36078b0e4be9/rep-0005/summary.csv,B2
resilient,f0-no-failure,services,0.0,10000,1,1,2026081400,2026-08-15T00:08:27.057594+00:00,2026-08-15T00:10:56.317145+00:00,0,0.0,10000,10000,1.0,1.0,1.0,10000,10000,0,0,0.0,0.0,0,0.0,0,0.0,0,0.0,NA,NA,0,0.0,0,0.0,0,0.0,0,0.0,0,0.0,0,0.0,0,0.0,0,0.0,0,0.0,14.060687499977575,14.060687499977575,16.417374999946333,16.417374999946333,21.40495900005135,21.40495900005135,70.04873659236205,70.04873659236205,NA,NA,NA,2000,results/phase_b2_services/raw/f0-no-failure/rate-0p00/concurrency-001/resilient/f0-no-failure/4b2ad144-6413-44d7-b3c9-e4f0f2f25f06/rep-0001/summary.csv,B2
resilient,f0-no-failure,services,0.0,10000,1,2,2026081401,2026-08-15T00:10:56.708886+00:00,2026-08-15T00:13:25.975991+00:00,0,0.0,10000,10000,1.0,1.0,1.0,10000,10000,0,0,0.0,0.0,0,0.0,0,0.0,0,0.0,NA,NA,0,0.0,0,0.0,0,0.0,0,0.0,0,0.0,0,0.0,0,0.0,0,0.0,0,0.0,14.06156250004642,14.06156250004642,16.28058299991153,16.28058299991153,20.098999999959233,20.098999999959233,70.1671262338485,70.1671262338485,NA,NA,NA,2000,results/phase_b2_services/raw/f0-no-failure/rate-0p00/concurrency-001/resilient/f0-no-failure/0744c03a-6afc-4a50-92ae-bb0ac231de0d/rep-0002/summary.csv,B2
resilient,f0-no-failure,services,0.0,10000,1,3,2026081402,2026-08-15T00:13:26.379902+00:00,2026-08-15T00:15:55.327426+00:00,0,0.0,10000,10000,1.0,1.0,1.0,10000,10000,0,0,0.0,0.0,0,0.0,0,0.0,0,0.0,NA,NA,0,0.0,0,0.0,0,0.0,0,0.0,0,0.0,0,0.0,0,0.0,0,0.0,0,0.0,14.143707999949129,14.143707999949129,16.336500000079468,16.336500000079468,19.174249999991844,19.174249999991844,70.25521149940688,70.25521149940688,NA,NA,NA,2000,results/phase_b2_services/raw/f0-no-failure/rate-0p00/concurrency-001/resilient/f0-no-failure/4c80f7e7-1165-434b-9119-f44007ceb587/rep-0003/summary.csv,B2
resilient,f0-no-failure,services,0.0,10000,1,4,2026081403,2026-08-15T00:15:55.718342+00:00,2026-08-15T00:18:22.877536+00:00,0,0.0,10000,10000,1.0,1.0,1.0,10000,10000,0,0,0.0,0.0,0,0.0,0,0.0,0,0.0,NA,NA,0,0.0,0,0.0,0,0.0,0,0.0,0,0.0,0,0.0,0,0.0,0,0.0,0,0.0,14.036020500043378,14.036020500043378,15.57333299979291,15.57333299979291,18.758416999844485,18.758416999844485,71.07302664557713,71.07302664557713,NA,NA,NA,2000,results/phase_b2_services/raw/f0-no-failure/rate-0p00/concurrency-001/resilient/f0-no-failure/4131d96e-0eb0-4c21-be4b-3ef0caa94fbd/rep-0004/summary.csv,B2
resilient,f0-no-failure,services,0.0,10000,1,5,2026081404,2026-08-15T00:18:23.317314+00:00,2026-08-15T00:20:50.074341+00:00,0,0.0,10000,10000,1.0,1.0,1.0,10000,10000,0,0,0.0,0.0,0,0.0,0,0.0,0,0.0,NA,NA,0,0.0,0,0.0,0,0.0,0,0.0,0,0.0,0,0.0,0,0.0,0,0.0,0,0.0,13.926395999988017,13.926395999988017,15.489458000047307,15.489458000047307,18.587167000077898,18.587167000077898,71.39448366471188,71.39448366471188,NA,NA,NA,2000,results/phase_b2_services/raw/f0-no-failure/rate-0p00/concurrency-001/resilient/f0-no-failure/e59a7b71-fa99-4677-9772-eb5a70ae7294/rep-0005/summary.csv,B2
baseline,f0-no-failure,services,0.0,10000,10,1,2026091400,2026-08-15T00:20:50.458551+00:00,2026-08-15T00:21:04.680029+00:00,0,0.0,10000,10000,1.0,1.0,1.0,10000,10000,0,0,0.0,0.0,0,0.0,0,0.0,0,0.0,NA,NA,0,0.0,0,0.0,0,0.0,0,0.0,0,0.0,0,0.0,0,0.0,0,0.0,0,0.0,13.946729499934918,13.946729499934918,18.220165999991877,18.220165999991877,22.349749999875712,22.349749999875712,703.8199803037702,703.8199803037702,NA,NA,NA,2000,results/phase_b2_services/raw/f0-no-failure/rate-0p00/concurrency-010/baseline/f0-no-failure/e8c34714-2ade-484f-93e0-491c9de2fa96/rep-0001/summary.csv,B2
baseline,f0-no-failure,services,0.0,10000,10,2,2026091401,2026-08-15T00:21:05.133307+00:00,2026-08-15T00:21:19.901744+00:00,0,0.0,10000,10000,1.0,1.0,1.0,10000,10000,0,0,0.0,0.0,0,0.0,0,0.0,0,0.0,NA,NA,0,0.0,0,0.0,0,0.0,0,0.0,0,0.0,0,0.0,0,0.0,0,0.0,0,0.0,14.50914649990409,14.50914649990409,18.99666599979355,18.99666599979355,23.988457999848833,23.988457999848833,678.1795711980483,678.1795711980483,NA,NA,NA,2000,results/phase_b2_services/raw/f0-no-failure/rate-0p00/concurrency-010/baseline/f0-no-failure/9c21b951-a3c2-4bdd-88f0-1c678dddfdec/rep-0002/summary.csv,B2
baseline,f0-no-failure,services,0.0,10000,10,3,2026091402,2026-08-15T00:21:20.321231+00:00,2026-08-15T00:21:35.298932+00:00,0,0.0,10000,10000,1.0,1.0,1.0,10000,10000,0,0,0.0,0.0,0,0.0,0,0.0,0,0.0,NA,NA,0,0.0,0,0.0,0,0.0,0,0.0,0,0.0,0,0.0,0,0.0,0,0.0,0,0.0,14.669416500055377,14.669416500055377,19.213083999829905,19.213083999829905,26.72445799998968,26.72445799998968,668.2162899564289,668.2162899564289,NA,NA,NA,2000,results/phase_b2_services/raw/f0-no-failure/rate-0p00/concurrency-010/baseline/f0-no-failure/745fa0b1-6940-46c4-bb3d-09853b2039c6/rep-0003/summary.csv,B2
baseline,f0-no-failure,services,0.0,10000,10,4,2026091403,2026-08-15T00:21:35.716938+00:00,2026-08-15T00:21:50.905225+00:00,0,0.0,10000,10000,1.0,1.0,1.0,10000,10000,0,0,0.0,0.0,0,0.0,0,0.0,0,0.0,NA,NA,0,0.0,0,0.0,0,0.0,0,0.0,0,0.0,0,0.0,0,0.0,0,0.0,0,0.0,14.886042000057387,14.886042000057387,19.40658400008033,19.40658400008033,27.06737499988776,27.06737499988776,659.0000794095116,659.0000794095116,NA,NA,NA,2000,results/phase_b2_services/raw/f0-no-failure/rate-0p00/concurrency-010/baseline/f0-no-failure/a39ff664-385d-4bad-ab2e-a8ee4852389c/rep-0004/summary.csv,B2
baseline,f0-no-failure,services,0.0,10000,10,5,2026091404,2026-08-15T00:21:51.321799+00:00,2026-08-15T00:22:06.983368+00:00,0,0.0,10000,10000,1.0,1.0,1.0,10000,10000,0,0,0.0,0.0,0,0.0,0,0.0,0,0.0,NA,NA,0,0.0,0,0.0,0,0.0,0,0.0,0,0.0,0,0.0,0,0.0,0,0.0,0,0.0,15.391853999972227,15.391853999972227,20.417833999999857,20.417833999999857,27.405624999801148,27.405624999801148,639.0598509346594,639.0598509346594,NA,NA,NA,2000,results/phase_b2_services/raw/f0-no-failure/rate-0p00/concurrency-010/baseline/f0-no-failure/9fed7f25-61cc-4569-848b-d4163af1f6be/rep-0005/summary.csv,B2
resilient,f0-no-failure,services,0.0,10000,10,1,2026091400,2026-08-15T00:22:07.440880+00:00,2026-08-15T00:22:41.514023+00:00,0,0.0,10000,10000,1.0,1.0,1.0,10000,10000,0,0,0.0,0.0,0,0.0,0,0.0,0,0.0,NA,NA,0,0.0,0,0.0,0,0.0,0,0.0,0,0.0,0,0.0,0,0.0,0,0.0,0,0.0,27.373520499963888,27.373520499963888,35.32133400017301,35.32133400017301,40.363291000176105,40.363291000176105,359.84356664564723,359.84356664564723,NA,NA,NA,2000,results/phase_b2_services/raw/f0-no-failure/rate-0p00/concurrency-010/resilient/f0-no-failure/4f6df33e-913d-4834-a965-f0baaa7c8b36/rep-0001/summary.csv,B2
resilient,f0-no-failure,services,0.0,10000,10,2,2026091401,2026-08-15T00:22:41.899628+00:00,2026-08-15T00:23:16.659819+00:00,0,0.0,10000,10000,1.0,1.0,1.0,10000,10000,0,0,0.0,0.0,0,0.0,0,0.0,0,0.0,NA,NA,0,0.0,0,0.0,0,0.0,0,0.0,0,0.0,0,0.0,0,0.0,0,0.0,0,0.0,29.331291999938003,29.331291999938003,37.0995830000993,37.0995830000993,42.05458400019779,42.05458400019779,348.4682690330347,348.4682690330347,NA,NA,NA,2000,results/phase_b2_services/raw/f0-no-failure/rate-0p00/concurrency-010/resilient/f0-no-failure/1f057341-ed05-41f5-97b3-f5d851d6c565/rep-0002/summary.csv,B2
resilient,f0-no-failure,services,0.0,10000,10,3,2026091402,2026-08-15T00:23:17.043451+00:00,2026-08-15T00:23:53.116060+00:00,0,0.0,10000,10000,1.0,1.0,1.0,10000,10000,0,0,0.0,0.0,0,0.0,0,0.0,0,0.0,NA,NA,0,0.0,0,0.0,0,0.0,0,0.0,0,0.0,0,0.0,0,0.0,0,0.0,0,0.0,30.38629149989447,30.38629149989447,37.59141700015789,37.59141700015789,42.911957999876904,42.911957999876904,333.72592294698785,333.72592294698785,NA,NA,NA,2000,results/phase_b2_services/raw/f0-no-failure/rate-0p00/concurrency-010/resilient/f0-no-failure/334d8857-fedd-4a73-9716-dccff4d6bd40/rep-0003/summary.csv,B2
resilient,f0-no-failure,services,0.0,10000,10,4,2026091403,2026-08-15T00:23:53.513516+00:00,2026-08-15T00:24:30.846084+00:00,0,0.0,10000,10000,1.0,1.0,1.0,10000,10000,0,0,0.0,0.0,0,0.0,0,0.0,0,0.0,NA,NA,0,0.0,0,0.0,0,0.0,0,0.0,0,0.0,0,0.0,0,0.0,0,0.0,0,0.0,32.13364650002859,32.13364650002859,39.53108299992891,39.53108299992891,44.506082999987484,44.506082999987484,319.5311936384681,319.5311936384681,NA,NA,NA,2000,results/phase_b2_services/raw/f0-no-failure/rate-0p00/concurrency-010/resilient/f0-no-failure/aa60018b-9bd6-45b0-91d1-428bd23badcb/rep-0004/summary.csv,B2
resilient,f0-no-failure,services,0.0,10000,10,5,2026091404,2026-08-15T00:24:31.277623+00:00,2026-08-15T00:25:07.688128+00:00,0,0.0,10000,10000,1.0,1.0,1.0,10000,10000,0,0,0.0,0.0,0,0.0,0,0.0,0,0.0,NA,NA,0,0.0,0,0.0,0,0.0,0,0.0,0,0.0,0,0.0,0,0.0,0,0.0,0,0.0,30.72406249998494,30.72406249998494,38.66212499997346,38.66212499997346,43.41137500000514,43.41137500000514,329.81199660794874,329.81199660794874,NA,NA,NA,2000,results/phase_b2_services/raw/f0-no-failure/rate-0p00/concurrency-010/resilient/f0-no-failure/4ca92de6-50da-4ae0-b380-e9d83dcc3c49/rep-0005/summary.csv,B2
baseline,f0-no-failure,services,0.0,10000,100,1,2026101400,2026-08-15T00:25:08.070710+00:00,2026-08-15T00:25:23.663462+00:00,0,0.0,10000,10000,0.9999,0.9999,0.9999,10000,9999,1,0,0.0001,0.0,0,0.0,0,0.0,0,0.0,NA,NA,0,0.0,0,0.0,0,0.0,0,0.0,1,0.0001,0,0.0,0,0.0,0,0.0,0,0.0,142.47120900006394,142.47120900006394,275.2617090000058,275.2617090000058,361.7362080001385,361.7362080001385,642.1397346126314,642.1397346126314,NA,NA,NA,2000,results/phase_b2_services/raw/f0-no-failure/rate-0p00/concurrency-100/baseline/f0-no-failure/e48cbede-9f5a-41ee-bf8d-54094741e8ce/rep-0001/summary.csv,B2
baseline,f0-no-failure,services,0.0,10000,100,2,2026101401,2026-08-15T00:25:24.262123+00:00,2026-08-15T00:25:40.498703+00:00,0,0.0,10000,10000,1.0,1.0,1.0,10000,10000,0,0,0.0,0.0,0,0.0,0,0.0,0,0.0,NA,NA,0,0.0,0,0.0,0,0.0,0,0.0,0,0.0,0,0.0,0,0.0,0,0.0,0,0.0,147.0550834999358,147.0550834999358,279.990208000072,279.990208000072,364.6674999999959,364.6674999999959,616.6605968548276,616.6605968548276,NA,NA,NA,2000,results/phase_b2_services/raw/f0-no-failure/rate-0p00/concurrency-100/baseline/f0-no-failure/1943fce3-f30c-4644-bad1-c0ca2f63e8ae/rep-0002/summary.csv,B2
baseline,f0-no-failure,services,0.0,10000,100,3,2026101402,2026-08-15T00:25:41.069046+00:00,2026-08-15T00:25:57.298180+00:00,0,0.0,10000,10000,0.9999,0.9999,0.9999,10000,9999,1,0,0.0001,0.0,0,0.0,0,0.0,0,0.0,NA,NA,0,0.0,0,0.0,0,0.0,0,0.0,1,0.0001,0,0.0,0,0.0,0,0.0,0,0.0,146.34666699998888,146.34666699998888,275.08754199993746,275.08754199993746,364.8016249999273,364.8016249999273,617.0944670377371,617.0944670377371,NA,NA,NA,2000,results/phase_b2_services/raw/f0-no-failure/rate-0p00/concurrency-100/baseline/f0-no-failure/6668668a-8fb2-4fc6-9a42-d7a2ab273f4b/rep-0003/summary.csv,B2
baseline,f0-no-failure,services,0.0,10000,100,4,2026101403,2026-08-15T00:25:57.960411+00:00,2026-08-15T00:26:14.174931+00:00,0,0.0,10000,10000,1.0,1.0,1.0,10000,10000,0,0,0.0,0.0,0,0.0,0,0.0,0,0.0,NA,NA,0,0.0,0,0.0,0,0.0,0,0.0,0,0.0,0,0.0,0,0.0,0,0.0,0,0.0,147.18435400016006,147.18435400016006,274.05608399999437,274.05608399999437,363.0108750001,363.0108750001,617.6623037029092,617.6623037029092,NA,NA,NA,2000,results/phase_b2_services/raw/f0-no-failure/rate-0p00/concurrency-100/baseline/f0-no-failure/1224cae6-134d-43c0-80fd-784599bb8c62/rep-0004/summary.csv,B2
baseline,f0-no-failure,services,0.0,10000,100,5,2026101404,2026-08-15T00:26:14.732070+00:00,2026-08-15T00:26:30.637709+00:00,0,0.0,10000,10000,1.0,1.0,1.0,10000,10000,0,0,0.0,0.0,0,0.0,0,0.0,0,0.0,NA,NA,0,0.0,0,0.0,0,0.0,0,0.0,0,0.0,0,0.0,0,0.0,0,0.0,0,0.0,143.5763124999312,143.5763124999312,269.2962090000037,269.2962090000037,363.7083749999874,363.7083749999874,629.5011826597992,629.5011826597992,NA,NA,NA,2000,results/phase_b2_services/raw/f0-no-failure/rate-0p00/concurrency-100/baseline/f0-no-failure/22d72b32-7d8f-4084-94b1-e25edc36bf18/rep-0005/summary.csv,B2
resilient,f0-no-failure,services,0.0,10000,100,1,2026101400,2026-08-15T00:26:31.156366+00:00,2026-08-15T00:27:03.688321+00:00,0,0.0,10000,10000,1.0,1.0,1.0,10000,10000,0,0,0.0,0.0,0,0.0,0,0.0,0,0.0,NA,NA,0,0.0,0,0.0,0,0.0,0,0.0,0,0.0,0,0.0,0,0.0,0,0.0,0,0.0,247.07845849991372,247.07845849991372,443.57495799999924,443.57495799999924,556.9723329999761,556.9723329999761,379.53283237245284,379.53283237245284,NA,NA,NA,2000,results/phase_b2_services/raw/f0-no-failure/rate-0p00/concurrency-100/resilient/f0-no-failure/bf7324c7-f942-41a2-b97e-e94a3d70978d/rep-0001/summary.csv,B2
resilient,f0-no-failure,services,0.0,10000,100,2,2026101401,2026-08-15T00:27:04.074981+00:00,2026-08-15T00:43:58.625869+00:00,0,0.0,10000,10000,0.9944,0.9944,0.9944,10000,9944,55,1,0.0044,0.0,0,0.0,0,0.0,0,0.0,NA,NA,12,0.0012,0,0.0,0,0.0,0,0.0,0,0.0,0,0.0,0,0.0,0,0.0,0,0.0,296.0404994998953,296.0404994998953,674.6356659998582,674.6356659998582,886.6692080000576,886.6692080000576,298.7081897661761,298.7081897661761,NA,NA,NA,2000,results/phase_b2_services/raw/f0-no-failure/rate-0p00/concurrency-100/resilient/f0-no-failure/56a1542a-fe49-4d5c-8505-70bb7ff11733/rep-0002/summary.csv,B2
resilient,f0-no-failure,services,0.0,10000,100,3,2026101402,2026-08-15T00:43:59.141789+00:00,2026-08-15T00:46:04.361804+00:00,0,0.0,10000,10000,0.9949,0.9949,0.9949,10000,9949,51,0,0.0039,0.0,0,0.0,0,0.0,0,0.0,NA,NA,12,0.0012,0,0.0,0,0.0,0,0.0,0,0.0,0,0.0,0,0.0,0,0.0,0,0.0,356.1224789999642,356.1224789999642,646.2430419999237,646.2430419999237,798.3696670000882,798.3696670000882,264.66303398921934,264.66303398921934,NA,NA,NA,2000,results/phase_b2_services/raw/f0-no-failure/rate-0p00/concurrency-100/resilient/f0-no-failure/d15e7ba3-b1f4-42e7-993d-7c621537c0cc/rep-0003/summary.csv,B2
resilient,f0-no-failure,services,0.0,10000,100,4,2026101403,2026-08-15T00:46:04.919827+00:00,2026-08-15T01:03:19.631983+00:00,0,0.0,10000,10000,0.9942,0.9942,0.9942,10000,9942,58,0,0.0039,0.0,0,0.0,0,0.0,0,0.0,NA,NA,19,0.0019,0,0.0,0,0.0,0,0.0,0,0.0,0,0.0,0,0.0,0,0.0,0,0.0,346.2862710000536,346.2862710000536,630.2216250001038,630.2216250001038,816.7034999999032,816.7034999999032,270.44359598482237,270.44359598482237,NA,NA,NA,2000,results/phase_b2_services/raw/f0-no-failure/rate-0p00/concurrency-100/resilient/f0-no-failure/026f1ba3-6299-451a-8611-486b325bba68/rep-0004/summary.csv,B2
resilient,f0-no-failure,services,0.0,10000,100,5,2026101404,2026-08-15T01:03:20.139907+00:00,2026-08-15T01:20:03.871481+00:00,0,0.0,10000,10000,0.9938,0.9938,0.9938,10000,9938,61,1,0.0041,0.0,0,0.0,0,0.0,0,0.0,NA,NA,21,0.0021,0,0.0,0,0.0,0,0.0,0,0.0,0,0.0,0,0.0,0,0.0,0,0.0,343.0396669999709,343.0396669999709,632.8912499998296,632.8912499998296,804.6694160000243,804.6694160000243,271.7413472608187,271.7413472608187,NA,NA,NA,2000,results/phase_b2_services/raw/f0-no-failure/rate-0p00/concurrency-100/resilient/f0-no-failure/634ba9b0-4412-4c6e-ae9a-325ac74271f3/rep-0005/summary.csv,B2
baseline,f5-payment-succeeds-response-lost,services,0.05,10000,1,1,2026111400,2026-08-15T01:20:04.428976+00:00,2026-08-15T01:44:05.473991+00:00,482,0.0482,10000,10000,0.9518,0.9518,0.9518,10000,9518,482,0,0.0482,0.0,0,0.0,0,0.0,0,0.0,NA,NA,0,0.0,0,0.0,0,0.0,0,0.0,482,0.0482,0,0.0,0,0.0,0,0.0,0,0.0,11.020770999948581,11.020770999948581,23.82549999992989,23.82549999992989,530.7357500000762,530.7357500000762,27.375532510697674,27.375532510697674,NA,NA,NA,2000,results/phase_b2_services/raw/f5-payment-succeeds-response-lost/rate-0p05/concurrency-001/baseline/f5-payment-succeeds-response-lost/6e649ff8-82df-401c-a297-2a291e032c66/rep-0001/summary.csv,B2
baseline,f5-payment-succeeds-response-lost,services,0.05,10000,1,2,2026111401,2026-08-15T01:44:05.948643+00:00,2026-08-15T01:50:19.154263+00:00,494,0.0494,10000,10000,0.9506,0.9506,0.9506,10000,9506,494,0,0.0494,0.0,0,0.0,0,0.0,0,0.0,NA,NA,0,0.0,0,0.0,0,0.0,0,0.0,494,0.0494,0,0.0,0,0.0,0,0.0,0,0.0,11.00868749995243,11.00868749995243,23.81120900008682,23.81120900008682,530.6454159999703,530.6454159999703,26.79553182463503,26.79553182463503,NA,NA,NA,2000,results/phase_b2_services/raw/f5-payment-succeeds-response-lost/rate-0p05/concurrency-001/baseline/f5-payment-succeeds-response-lost/961d7b82-1de7-4563-b191-25a4524ca4f3/rep-0002/summary.csv,B2
baseline,f5-payment-succeeds-response-lost,services,0.05,10000,1,3,2026111402,2026-08-15T01:50:19.589650+00:00,2026-08-15T01:56:48.337802+00:00,525,0.0525,10000,10000,0.9475,0.9475,0.9475,10000,9475,525,0,0.0525,0.0,0,0.0,0,0.0,0,0.0,NA,NA,0,0.0,0,0.0,0,0.0,0,0.0,525,0.0525,0,0.0,0,0.0,0,0.0,0,0.0,11.084124500030157,11.084124500030157,517.9855000001226,517.9855000001226,529.3559169999753,529.3559169999753,25.72414312044446,25.72414312044446,NA,NA,NA,2000,results/phase_b2_services/raw/f5-payment-succeeds-response-lost/rate-0p05/concurrency-001/baseline/f5-payment-succeeds-response-lost/5bf574d6-f1a0-4060-85e8-63279a9bc5ee/rep-0003/summary.csv,B2
baseline,f5-payment-succeeds-response-lost,services,0.05,10000,1,4,2026111403,2026-08-15T01:56:48.762496+00:00,2026-08-15T02:03:04.585996+00:00,507,0.0507,10000,10000,0.9493,0.9493,0.9493,10000,9493,507,0,0.0507,0.0,0,0.0,0,0.0,0,0.0,NA,NA,0,0.0,0,0.0,0,0.0,0,0.0,507,0.0507,0,0.0,0,0.0,0,0.0,0,0.0,10.81139599978087,10.81139599978087,513.7691670001914,513.7691670001914,527.6187919998847,527.6187919998847,26.60882796790241,26.60882796790241,NA,NA,NA,2000,results/phase_b2_services/raw/f5-payment-succeeds-response-lost/rate-0p05/concurrency-001/baseline/f5-payment-succeeds-response-lost/2d2c7266-4a11-4c33-95c6-9de9947918ba/rep-0004/summary.csv,B2
baseline,f5-payment-succeeds-response-lost,services,0.05,10000,1,5,2026111404,2026-08-15T02:03:04.996620+00:00,2026-08-15T02:09:38.995470+00:00,549,0.0549,10000,10000,0.9451,0.9451,0.9451,10000,9451,549,0,0.0549,0.0,0,0.0,0,0.0,0,0.0,NA,NA,0,0.0,0,0.0,0,0.0,0,0.0,549,0.0549,0,0.0,0,0.0,0,0.0,0,0.0,10.6693954999173,10.6693954999173,518.7159580000298,518.7159580000298,526.0288750000655,526.0288750000655,25.379951191140858,25.379951191140858,NA,NA,NA,2000,results/phase_b2_services/raw/f5-payment-succeeds-response-lost/rate-0p05/concurrency-001/baseline/f5-payment-succeeds-response-lost/d68c1cda-8285-4b93-bfc8-fcac7d503570/rep-0005/summary.csv,B2
resilient,f5-payment-succeeds-response-lost,services,0.05,10000,1,1,2026111400,2026-08-15T02:09:39.424907+00:00,2026-08-15T02:24:31.787968+00:00,482,0.0482,10000,10000,1.0,1.0,1.0,10000,10000,0,0,0.0,0.0,0,0.0,0,0.0,0,0.0,NA,NA,0,0.0,0,0.0,0,0.0,0,0.0,0,0.0,0,0.0,0,0.0,0,0.0,0,0.0,14.443125000070722,14.443125000070722,24.529916000574303,24.529916000574303,1550.437458000033,1550.437458000033,11.286661736209815,11.286661736209815,NA,NA,NA,2000,results/phase_b2_services/raw/f5-payment-succeeds-response-lost/rate-0p05/concurrency-001/resilient/f5-payment-succeeds-response-lost/8d6a7318-8ef8-4082-bf8d-f37274e83e97/rep-0001/summary.csv,B2
resilient,f5-payment-succeeds-response-lost,services,0.05,10000,1,2,2026111401,2026-08-15T02:24:32.399733+00:00,2026-08-15T02:39:41.925884+00:00,494,0.0494,10000,10000,1.0,1.0,1.0,10000,10000,0,0,0.0,0.0,0,0.0,0,0.0,0,0.0,NA,NA,0,0.0,0,0.0,0,0.0,0,0.0,0,0.0,0,0.0,0,0.0,0,0.0,0,0.0,14.34383349987911,14.34383349987911,25.295458000073268,25.295458000073268,1549.6158340001784,1549.6158340001784,11.070535577343081,11.070535577343081,NA,NA,NA,2000,results/phase_b2_services/raw/f5-payment-succeeds-response-lost/rate-0p05/concurrency-001/resilient/f5-payment-succeeds-response-lost/6c2e9410-6194-4ab1-9ab7-93aa4b711558/rep-0002/summary.csv,B2
resilient,f5-payment-succeeds-response-lost,services,0.05,10000,1,3,2026111402,2026-08-15T02:39:42.552809+00:00,2026-08-15T03:50:12.589803+00:00,525,0.0525,10000,10000,1.0,1.0,1.0,10000,10000,0,0,0.0,0.0,0,0.0,0,0.0,0,0.0,NA,NA,0,0.0,0,0.0,0,0.0,0,0.0,0,0.0,0,0.0,0,0.0,0,0.0,0,0.0,14.681874999951106,14.681874999951106,1530.1838330005921,1530.1838330005921,1552.0625420003853,1552.0625420003853,10.473831411538601,10.473831411538601,NA,NA,NA,2000,results/phase_b2_services/raw/f5-payment-succeeds-response-lost/rate-0p05/concurrency-001/resilient/f5-payment-succeeds-response-lost/c99e957e-b8a9-4d8b-91b5-57b032446eb3/rep-0003/summary.csv,B2
resilient,f5-payment-succeeds-response-lost,services,0.05,10000,1,4,2026111403,2026-08-15T03:50:13.006182+00:00,2026-08-15T04:45:01.573379+00:00,507,0.0507,10000,10000,1.0,1.0,1.0,10000,10000,0,0,0.0,0.0,0,0.0,0,0.0,0,0.0,NA,NA,0,0.0,0,0.0,0,0.0,0,0.0,0,0.0,0,0.0,0,0.0,0,0.0,0,0.0,14.764687499791762,14.764687499791762,1527.9218340001535,1527.9218340001535,1559.2246670003078,1559.2246670003078,10.720052313737106,10.720052313737106,NA,NA,NA,2000,results/phase_b2_services/raw/f5-payment-succeeds-response-lost/rate-0p05/concurrency-001/resilient/f5-payment-succeeds-response-lost/9e083b54-b4fa-4b96-974c-02debc2cb147/rep-0004/summary.csv,B2
resilient,f5-payment-succeeds-response-lost,services,0.05,10000,1,5,2026111404,2026-08-15T04:45:01.953138+00:00,2026-08-15T06:12:31.201420+00:00,549,0.0549,10000,10000,1.0,1.0,1.0,10000,10000,0,0,0.0,0.0,0,0.0,0,0.0,0,0.0,NA,NA,0,0.0,0,0.0,0,0.0,0,0.0,0,0.0,0,0.0,0,0.0,0,0.0,0,0.0,14.737270499153965,14.737270499153965,1533.4884579997379,1533.4884579997379,1551.4214579998225,1551.4214579998225,10.07753053598687,10.07753053598687,NA,NA,NA,2000,results/phase_b2_services/raw/f5-payment-succeeds-response-lost/rate-0p05/concurrency-001/resilient/f5-payment-succeeds-response-lost/a6917876-00ae-41fb-b124-0001a18a143e/rep-0005/summary.csv,B2
baseline,f5-payment-succeeds-response-lost,services,0.05,10000,10,1,2026121400,2026-08-15T06:12:31.578189+00:00,2026-08-15T06:13:08.851011+00:00,527,0.0527,10000,10000,0.9473,0.9473,0.9473,10000,9473,527,0,0.0527,0.0,0,0.0,0,0.0,0,0.0,NA,NA,0,0.0,0,0.0,0,0.0,0,0.0,527,0.0527,0,0.0,0,0.0,0,0.0,0,0.0,10.402938000879658,10.402938000879658,508.49079200088454,508.49079200088454,511.46049999988463,511.46049999988463,268.52950356670635,268.52950356670635,NA,NA,NA,2000,results/phase_b2_services/raw/f5-payment-succeeds-response-lost/rate-0p05/concurrency-010/baseline/f5-payment-succeeds-response-lost/23c274cd-8c04-464b-8383-ad3a039a8c00/rep-0001/summary.csv,B2
baseline,f5-payment-succeeds-response-lost,services,0.05,10000,10,2,2026121401,2026-08-15T06:13:09.282926+00:00,2026-08-15T06:13:59.624007+00:00,464,0.0464,10000,10000,0.9536,0.9536,0.9536,10000,9536,464,0,0.0464,0.0,0,0.0,0,0.0,0,0.0,NA,NA,0,0.0,0,0.0,0,0.0,0,0.0,464,0.0464,0,0.0,0,0.0,0,0.0,0,0.0,10.381583499111002,10.381583499111002,31.713166001281934,31.713166001281934,511.76762499926554,511.76762499926554,292.07309139334507,292.07309139334507,NA,NA,NA,2000,results/phase_b2_services/raw/f5-payment-succeeds-response-lost/rate-0p05/concurrency-010/baseline/f5-payment-succeeds-response-lost/b089b4cc-3231-40ef-b529-e1fa6e22664f/rep-0002/summary.csv,B2
baseline,f5-payment-succeeds-response-lost,services,0.05,10000,10,3,2026121402,2026-08-15T06:14:00.059488+00:00,2026-08-15T06:14:34.733919+00:00,475,0.0475,10000,10000,0.9525,0.9525,0.9525,10000,9525,475,0,0.0475,0.0,0,0.0,0,0.0,0,0.0,NA,NA,0,0.0,0,0.0,0,0.0,0,0.0,475,0.0475,0,0.0,0,0.0,0,0.0,0,0.0,10.389186999418598,10.389186999418598,28.694750000795466,28.694750000795466,511.480749999464,511.480749999464,288.5771292071403,288.5771292071403,NA,NA,NA,2000,results/phase_b2_services/raw/f5-payment-succeeds-response-lost/rate-0p05/concurrency-010/baseline/f5-payment-succeeds-response-lost/68ee4ac5-fe8d-4686-a079-d68a9a66853a/rep-0003/summary.csv,B2
baseline,f5-payment-succeeds-response-lost,services,0.05,10000,10,4,2026121403,2026-08-15T06:14:35.131299+00:00,2026-08-15T06:15:10.515842+00:00,490,0.049,10000,10000,0.951,0.951,0.951,10000,9510,490,0,0.049,0.0,0,0.0,0,0.0,0,0.0,NA,NA,0,0.0,0,0.0,0,0.0,0,0.0,490,0.049,0,0.0,0,0.0,0,0.0,0,0.0,10.328583000955405,10.328583000955405,29.08079199914937,29.08079199914937,511.37595900036104,511.37595900036104,282.7927524395065,282.7927524395065,NA,NA,NA,2000,results/phase_b2_services/raw/f5-payment-succeeds-response-lost/rate-0p05/concurrency-010/baseline/f5-payment-succeeds-response-lost/49d012cb-986d-4d98-8454-98237d85819b/rep-0004/summary.csv,B2
baseline,f5-payment-succeeds-response-lost,services,0.05,10000,10,5,2026121404,2026-08-15T06:15:10.909516+00:00,2026-08-15T06:15:46.203639+00:00,489,0.0489,10000,10000,0.9511,0.9511,0.9511,10000,9511,489,0,0.0489,0.0,0,0.0,0,0.0,0,0.0,NA,NA,0,0.0,0,0.0,0,0.0,0,0.0,489,0.0489,0,0.0,0,0.0,0,0.0,0,0.0,10.331603999475192,10.331603999475192,29.554083001130493,29.554083001130493,511.5197920003993,511.5197920003993,283.50655502857734,283.50655502857734,NA,NA,NA,2000,results/phase_b2_services/raw/f5-payment-succeeds-response-lost/rate-0p05/concurrency-010/baseline/f5-payment-succeeds-response-lost/b2763203-165f-4fad-a05f-762183e5c79c/rep-0005/summary.csv,B2
resilient,f5-payment-succeeds-response-lost,services,0.05,10000,10,1,2026121400,2026-08-15T06:15:46.594040+00:00,2026-08-15T06:24:13.149826+00:00,527,0.0527,10000,10000,1.0,1.0,1.0,10000,10000,0,0,0.0,0.0,0,0.0,0,0.0,0,0.0,NA,NA,0,0.0,0,0.0,0,0.0,0,0.0,0,0.0,0,0.0,0,0.0,0,0.0,0,0.0,14.906833000168263,14.906833000168263,1518.3443750011065,1518.3443750011065,1526.5799999997398,1526.5799999997398,104.47824614570811,104.47824614570811,NA,NA,NA,2000,results/phase_b2_services/raw/f5-payment-succeeds-response-lost/rate-0p05/concurrency-010/resilient/f5-payment-succeeds-response-lost/af196df4-c2a8-434d-a076-1cb9fc31207c/rep-0001/summary.csv,B2
resilient,f5-payment-succeeds-response-lost,services,0.05,10000,10,2,2026121401,2026-08-15T06:24:13.589626+00:00,2026-08-15T06:25:46.822353+00:00,464,0.0464,10000,10000,1.0,1.0,1.0,10000,10000,0,0,0.0,0.0,0,0.0,0,0.0,0,0.0,NA,NA,0,0.0,0,0.0,0,0.0,0,0.0,0,0.0,0,0.0,0,0.0,0,0.0,0,0.0,14.987437500167289,14.987437500167289,33.431625000957865,33.431625000957865,1526.574833000268,1526.574833000268,116.08920087407877,116.08920087407877,NA,NA,NA,2000,results/phase_b2_services/raw/f5-payment-succeeds-response-lost/rate-0p05/concurrency-010/resilient/f5-payment-succeeds-response-lost/1800d484-15af-4924-9b22-4877232efd38/rep-0002/summary.csv,B2
resilient,f5-payment-succeeds-response-lost,services,0.05,10000,10,3,2026121402,2026-08-15T06:25:47.273383+00:00,2026-08-15T06:27:21.601780+00:00,475,0.0475,10000,10000,1.0,1.0,1.0,10000,10000,0,0,0.0,0.0,0,0.0,0,0.0,0,0.0,NA,NA,0,0.0,0,0.0,0,0.0,0,0.0,0,0.0,0,0.0,0,0.0,0,0.0,0,0.0,14.66864599933615,14.66864599933615,25.859708999632858,25.859708999632858,1524.842416998581,1524.842416998581,114.43553203134444,114.43553203134444,NA,NA,NA,2000,results/phase_b2_services/raw/f5-payment-succeeds-response-lost/rate-0p05/concurrency-010/resilient/f5-payment-succeeds-response-lost/893e0f7c-bae8-460a-8b54-e35443338dad/rep-0003/summary.csv,B2
resilient,f5-payment-succeeds-response-lost,services,0.05,10000,10,4,2026121403,2026-08-15T06:27:22.039010+00:00,2026-08-15T06:28:58.812495+00:00,490,0.049,10000,10000,1.0,1.0,1.0,10000,10000,0,0,0.0,0.0,0,0.0,0,0.0,0,0.0,NA,NA,0,0.0,0,0.0,0,0.0,0,0.0,0,0.0,0,0.0,0,0.0,0,0.0,0,0.0,14.79329149969999,14.79329149969999,32.71120800127392,32.71120800127392,1525.3881249991537,1525.3881249991537,111.6135013599741,111.6135013599741,NA,NA,NA,2000,results/phase_b2_services/raw/f5-payment-succeeds-response-lost/rate-0p05/concurrency-010/resilient/f5-payment-succeeds-response-lost/cddc3afc-8b5a-42c4-8d5c-57456dcbbb15/rep-0004/summary.csv,B2
resilient,f5-payment-succeeds-response-lost,services,0.05,10000,10,5,2026121404,2026-08-15T06:28:59.250565+00:00,2026-08-15T06:30:36.060015+00:00,489,0.0489,10000,10000,1.0,1.0,1.0,10000,10000,0,0,0.0,0.0,0,0.0,0,0.0,0,0.0,NA,NA,0,0.0,0,0.0,0,0.0,0,0.0,0,0.0,0,0.0,0,0.0,0,0.0,0,0.0,14.750708500287146,14.750708500287146,32.66858400093042,32.66858400093042,1526.2177080003312,1526.2177080003312,111.82819423778733,111.82819423778733,NA,NA,NA,2000,results/phase_b2_services/raw/f5-payment-succeeds-response-lost/rate-0p05/concurrency-010/resilient/f5-payment-succeeds-response-lost/a9de714e-1c67-4a70-b1a1-5db6b4d475f3/rep-0005/summary.csv,B2
baseline,f5-payment-succeeds-response-lost,services,0.05,10000,100,1,2026131400,2026-08-15T06:30:36.491038+00:00,2026-08-15T06:30:49.132349+00:00,491,0.0491,10000,10000,0.9509,0.9509,0.9509,10000,9509,491,0,0.0491,0.0,0,0.0,0,0.0,0,0.0,NA,NA,0,0.0,0,0.0,0,0.0,0,0.0,491,0.0491,0,0.0,0,0.0,0,0.0,0,0.0,89.7396665004635,89.7396665004635,287.3662090005382,287.3662090005382,616.9893749993207,616.9893749993207,792.1214674913524,792.1214674913524,NA,NA,NA,2000,results/phase_b2_services/raw/f5-payment-succeeds-response-lost/rate-0p05/concurrency-100/baseline/f5-payment-succeeds-response-lost/3d3302cf-9ce6-4dda-aeb0-a0ee4407bd7f/rep-0001/summary.csv,B2
baseline,f5-payment-succeeds-response-lost,services,0.05,10000,100,2,2026131401,2026-08-15T06:30:49.574194+00:00,2026-08-15T06:31:02.669173+00:00,524,0.0524,10000,10000,0.9476,0.9476,0.9476,10000,9476,524,0,0.0524,0.0,0,0.0,0,0.0,0,0.0,NA,NA,0,0.0,0,0.0,0,0.0,0,0.0,524,0.0524,0,0.0,0,0.0,0,0.0,0,0.0,93.40418699957809,93.40418699957809,550.5772910000815,550.5772910000815,620.9691670010216,620.9691670010216,764.7694498772007,764.7694498772007,NA,NA,NA,2000,results/phase_b2_services/raw/f5-payment-succeeds-response-lost/rate-0p05/concurrency-100/baseline/f5-payment-succeeds-response-lost/961cc6ec-2882-4c1d-b830-ae8dec20faf0/rep-0002/summary.csv,B2
baseline,f5-payment-succeeds-response-lost,services,0.05,10000,100,3,2026131402,2026-08-15T06:31:03.109838+00:00,2026-08-15T06:31:16.339408+00:00,476,0.0476,10000,10000,0.9524,0.9524,0.9524,10000,9524,476,0,0.0476,0.0,0,0.0,0,0.0,0,0.0,NA,NA,0,0.0,0,0.0,0,0.0,0,0.0,476,0.0476,0,0.0,0,0.0,0,0.0,0,0.0,96.96904200063727,96.96904200063727,268.92633300121815,268.92633300121815,624.7440410006675,624.7440410006675,757.2176734110038,757.2176734110038,NA,NA,NA,2000,results/phase_b2_services/raw/f5-payment-succeeds-response-lost/rate-0p05/concurrency-100/baseline/f5-payment-succeeds-response-lost/c7c28872-a2ad-43b1-9ed9-409c926db103/rep-0003/summary.csv,B2
baseline,f5-payment-succeeds-response-lost,services,0.05,10000,100,4,2026131403,2026-08-15T06:31:16.734813+00:00,2026-08-15T06:31:30.055133+00:00,504,0.0504,10000,10000,0.9496,0.9496,0.9496,10000,9496,504,0,0.0504,0.0,0,0.0,0,0.0,0,0.0,NA,NA,0,0.0,0,0.0,0,0.0,0,0.0,504,0.0504,0,0.0,0,0.0,0,0.0,0,0.0,96.81370850012172,96.81370850012172,537.3361249985464,537.3361249985464,623.8772500000778,623.8772500000778,751.6869499283605,751.6869499283605,NA,NA,NA,2000,results/phase_b2_services/raw/f5-payment-succeeds-response-lost/rate-0p05/concurrency-100/baseline/f5-payment-succeeds-response-lost/9a8a7757-8276-4906-b383-03b553d23d9e/rep-0004/summary.csv,B2
baseline,f5-payment-succeeds-response-lost,services,0.05,10000,100,5,2026131404,2026-08-15T06:31:30.454802+00:00,2026-08-15T06:31:43.764353+00:00,515,0.0515,10000,10000,0.9485,0.9485,0.9485,10000,9485,515,0,0.0515,0.0,0,0.0,0,0.0,0,0.0,NA,NA,0,0.0,0,0.0,0,0.0,0,0.0,515,0.0515,0,0.0,0,0.0,0,0.0,0,0.0,96.59820799970475,96.59820799970475,541.643541000667,541.643541000667,623.3003750003263,623.3003750003263,752.0880125292063,752.0880125292063,NA,NA,NA,2000,results/phase_b2_services/raw/f5-payment-succeeds-response-lost/rate-0p05/concurrency-100/baseline/f5-payment-succeeds-response-lost/803c215c-f26f-4bdf-9c84-280febdb6e73/rep-0005/summary.csv,B2
resilient,f5-payment-succeeds-response-lost,services,0.05,10000,100,1,2026131400,2026-08-15T06:31:44.169709+00:00,2026-08-15T06:32:15.093133+00:00,491,0.0491,10000,10000,1.0,1.0,1.0,10000,10000,0,0,0.0,0.0,0,0.0,0,0.0,0,0.0,NA,NA,0,0.0,0,0.0,0,0.0,0,0.0,0,0.0,0,0.0,0,0.0,0,0.0,0,0.0,149.83735399982834,149.83735399982834,426.2806669994461,426.2806669994461,1714.818334001393,1714.818334001393,412.59805657134115,412.59805657134115,NA,NA,NA,2000,results/phase_b2_services/raw/f5-payment-succeeds-response-lost/rate-0p05/concurrency-100/resilient/f5-payment-succeeds-response-lost/04c4759c-c3ba-4894-8bde-f4a34b370441/rep-0001/summary.csv,B2
resilient,f5-payment-succeeds-response-lost,services,0.05,10000,100,2,2026131401,2026-08-15T06:32:15.533176+00:00,2026-08-15T06:32:46.013748+00:00,524,0.0524,10000,10000,1.0,1.0,1.0,10000,10000,0,0,0.0,0.0,0,0.0,0,0.0,0,0.0,NA,NA,0,0.0,0,0.0,0,0.0,0,0.0,0,0.0,0,0.0,0,0.0,0,0.0,0,0.0,138.07285350048915,138.07285350048915,1587.7676250001969,1587.7676250001969,1694.206749998557,1694.206749998557,422.7565622807589,422.7565622807589,NA,NA,NA,2000,results/phase_b2_services/raw/f5-payment-succeeds-response-lost/rate-0p05/concurrency-100/resilient/f5-payment-succeeds-response-lost/b5c4aea0-780a-4602-ad5d-cc7ae2ea4ebe/rep-0002/summary.csv,B2
resilient,f5-payment-succeeds-response-lost,services,0.05,10000,100,3,2026131402,2026-08-15T06:32:46.411521+00:00,2026-08-15T06:33:16.397698+00:00,476,0.0476,10000,10000,1.0,1.0,1.0,10000,10000,0,0,0.0,0.0,0,0.0,0,0.0,0,0.0,NA,NA,0,0.0,0,0.0,0,0.0,0,0.0,0,0.0,0,0.0,0,0.0,0,0.0,0,0.0,146.18604150018655,146.18604150018655,370.9206660005293,370.9206660005293,1712.28337499997,1712.28337499997,422.25533998817,422.25533998817,NA,NA,NA,2000,results/phase_b2_services/raw/f5-payment-succeeds-response-lost/rate-0p05/concurrency-100/resilient/f5-payment-succeeds-response-lost/df6976a9-c8e8-47d3-ae31-a273c2a6f10a/rep-0003/summary.csv,B2
resilient,f5-payment-succeeds-response-lost,services,0.05,10000,100,4,2026131403,2026-08-15T06:33:16.814697+00:00,2026-08-15T06:33:46.888726+00:00,504,0.0504,10000,10000,1.0,1.0,1.0,10000,10000,0,0,0.0,0.0,0,0.0,0,0.0,0,0.0,NA,NA,0,0.0,0,0.0,0,0.0,0,0.0,0,0.0,0,0.0,0,0.0,0,0.0,0,0.0,144.78239599975495,144.78239599975495,1570.973290999973,1570.973290999973,1699.2819579991192,1699.2819579991192,418.95423534557113,418.95423534557113,NA,NA,NA,2000,results/phase_b2_services/raw/f5-payment-succeeds-response-lost/rate-0p05/concurrency-100/resilient/f5-payment-succeeds-response-lost/f1c3eb6c-dd18-4922-9153-bcb4f8a873f6/rep-0004/summary.csv,B2
resilient,f5-payment-succeeds-response-lost,services,0.05,10000,100,5,2026131404,2026-08-15T06:33:47.344674+00:00,2026-08-15T06:34:17.875588+00:00,515,0.0515,10000,10000,1.0,1.0,1.0,10000,10000,0,0,0.0,0.0,0,0.0,0,0.0,0,0.0,NA,NA,0,0.0,0,0.0,0,0.0,0,0.0,0,0.0,0,0.0,0,0.0,0,0.0,0,0.0,145.88070849913493,145.88070849913493,1582.5512499995966,1582.5512499995966,1700.1184590008052,1700.1184590008052,413.9773569128308,413.9773569128308,NA,NA,NA,2000,results/phase_b2_services/raw/f5-payment-succeeds-response-lost/rate-0p05/concurrency-100/resilient/f5-payment-succeeds-response-lost/ab7ca8da-d318-4ae5-b84a-6b190f8b8a47/rep-0005/summary.csv,B2
baseline,f8-concurrent-duplicate-transaction-requests,services,1.0,10000,1,1,2026141400,2026-08-15T06:34:18.347212+00:00,2026-08-15T06:53:55.935240+00:00,10000,0.5,20000,20000,1.0,1.0,1.0,10000,10000,0,0,0.0,0.0,0,0.0,0,0.0,0,0.0,NA,NA,0,0.0,0,0.0,0,0.0,0,0.0,0,0.0,0,0.0,0,0.0,0,0.0,0,0.0,9.917688000314229,9.917688000314229,11.355208000168204,11.355208000168204,23.50966599988169,23.50966599988169,98.74856133375307,98.74856133375307,NA,NA,NA,2000,results/phase_b2_services/raw/f8-concurrent-duplicate-transaction-requests/rate-1p00/concurrency-001/baseline/f8-concurrent-duplicate-transaction-requests/97520cf5-cf32-4171-a0bf-ce39284649bc/rep-0001/summary.csv,B2
baseline,f8-concurrent-duplicate-transaction-requests,services,1.0,10000,1,2,2026141401,2026-08-15T06:53:56.737670+00:00,2026-08-15T06:57:13.942086+00:00,10000,0.5,20000,20000,1.0,1.0,1.0,10000,10000,0,0,0.0,0.0,0,0.0,0,0.0,0,0.0,NA,NA,0,0.0,0,0.0,0,0.0,0,0.0,0,0.0,0,0.0,0,0.0,0,0.0,0,0.0,9.76516700029606,9.76516700029606,11.158125000292785,11.158125000292785,14.06654200036428,14.06654200036428,101.42336624571078,101.42336624571078,NA,NA,NA,2000,results/phase_b2_services/raw/f8-concurrent-duplicate-transaction-requests/rate-1p00/concurrency-001/baseline/f8-concurrent-duplicate-transaction-requests/4b2ae4ab-d384-428d-a380-6085738ad3a0/rep-0002/summary.csv,B2
baseline,f8-concurrent-duplicate-transaction-requests,services,1.0,10000,1,3,2026141402,2026-08-15T06:57:14.719168+00:00,2026-08-15T07:00:32.560822+00:00,10000,0.5,20000,20000,1.0,1.0,1.0,10000,10000,0,0,0.0,0.0,0,0.0,0,0.0,0,0.0,NA,NA,0,0.0,0,0.0,0,0.0,0,0.0,0,0.0,0,0.0,0,0.0,0,0.0,0,0.0,9.809125499486981,9.809125499486981,11.169125000378699,11.169125000378699,13.56054200005019,13.56054200005019,101.09628733922386,101.09628733922386,NA,NA,NA,2000,results/phase_b2_services/raw/f8-concurrent-duplicate-transaction-requests/rate-1p00/concurrency-001/baseline/f8-concurrent-duplicate-transaction-requests/baf754dc-1a0d-4f32-a067-d14581b32d46/rep-0003/summary.csv,B2
baseline,f8-concurrent-duplicate-transaction-requests,services,1.0,10000,1,4,2026141403,2026-08-15T07:00:33.339983+00:00,2026-08-15T07:03:50.597545+00:00,10000,0.5,20000,20000,1.0,1.0,1.0,10000,10000,0,0,0.0,0.0,0,0.0,0,0.0,0,0.0,NA,NA,0,0.0,0,0.0,0,0.0,0,0.0,0,0.0,0,0.0,0,0.0,0,0.0,0,0.0,9.793020499273553,9.793020499273553,11.033708000468323,11.033708000468323,13.807083001665887,13.807083001665887,101.39571056169049,101.39571056169049,NA,NA,NA,2000,results/phase_b2_services/raw/f8-concurrent-duplicate-transaction-requests/rate-1p00/concurrency-001/baseline/f8-concurrent-duplicate-transaction-requests/a64a2d3f-9463-4723-9fe3-69fe7411afa0/rep-0004/summary.csv,B2
baseline,f8-concurrent-duplicate-transaction-requests,services,1.0,10000,1,5,2026141404,2026-08-15T07:03:51.378238+00:00,2026-08-15T07:07:06.695366+00:00,10000,0.5,20000,20000,1.0,1.0,1.0,10000,10000,0,0,0.0,0.0,0,0.0,0,0.0,0,0.0,NA,NA,0,0.0,0,0.0,0,0.0,0,0.0,0,0.0,0,0.0,0,0.0,0,0.0,0,0.0,9.617687500394823,9.617687500394823,11.225333000766113,11.225333000766113,14.38508299906971,14.38508299906971,102.4056253949687,102.4056253949687,NA,NA,NA,2000,results/phase_b2_services/raw/f8-concurrent-duplicate-transaction-requests/rate-1p00/concurrency-001/baseline/f8-concurrent-duplicate-transaction-requests/b6cba1f1-c570-41a6-b24c-1a078c848169/rep-0005/summary.csv,B2
resilient,f8-concurrent-duplicate-transaction-requests,services,1.0,10000,1,1,2026141400,2026-08-15T07:07:07.458515+00:00,2026-08-15T07:10:09.483346+00:00,10000,0.5,20000,20000,1.0,1.0,1.0,10000,10000,0,0,0.0,0.0,0,0.0,0,0.0,0,0.0,NA,NA,0,0.0,0,0.0,0,0.0,0,0.0,0,0.0,0,0.0,0,0.0,0,0.0,0,0.0,9.9005619995296,9.9005619995296,14.41016600074363,14.41016600074363,17.259624999496737,17.259624999496737,114.54251128689849,114.54251128689849,NA,NA,NA,2000,results/phase_b2_services/raw/f8-concurrent-duplicate-transaction-requests/rate-1p00/concurrency-001/resilient/f8-concurrent-duplicate-transaction-requests/51deedbe-8d5a-4d70-ba75-da2b47f74763/rep-0001/summary.csv,B2
resilient,f8-concurrent-duplicate-transaction-requests,services,1.0,10000,1,2,2026141401,2026-08-15T07:10:10.230236+00:00,2026-08-15T07:13:06.910512+00:00,10000,0.5,20000,20000,1.0,1.0,1.0,10000,10000,0,0,0.0,0.0,0,0.0,0,0.0,0,0.0,NA,NA,0,0.0,0,0.0,0,0.0,0,0.0,0,0.0,0,0.0,0,0.0,0,0.0,0,0.0,9.676770499027043,9.676770499027043,14.353874999869731,14.353874999869731,16.405291000410216,16.405291000410216,117.66518471264102,117.66518471264102,NA,NA,NA,2000,results/phase_b2_services/raw/f8-concurrent-duplicate-transaction-requests/rate-1p00/concurrency-001/resilient/f8-concurrent-duplicate-transaction-requests/4b184df0-909b-41dc-b598-ed2cd4c7c83c/rep-0002/summary.csv,B2
resilient,f8-concurrent-duplicate-transaction-requests,services,1.0,10000,1,3,2026141402,2026-08-15T07:13:07.713203+00:00,2026-08-15T07:16:05.659694+00:00,10000,0.5,20000,20000,1.0,1.0,1.0,10000,10000,0,0,0.0,0.0,0,0.0,0,0.0,0,0.0,NA,NA,0,0.0,0,0.0,0,0.0,0,0.0,0,0.0,0,0.0,0,0.0,0,0.0,0,0.0,9.231624999301857,9.231624999301857,14.541874999849824,14.541874999849824,16.92683300097997,16.92683300097997,116.81866664983075,116.81866664983075,NA,NA,NA,2000,results/phase_b2_services/raw/f8-concurrent-duplicate-transaction-requests/rate-1p00/concurrency-001/resilient/f8-concurrent-duplicate-transaction-requests/ca930735-7f52-47dc-9fac-b495582dfad9/rep-0003/summary.csv,B2
resilient,f8-concurrent-duplicate-transaction-requests,services,1.0,10000,1,4,2026141403,2026-08-15T07:16:06.398425+00:00,2026-08-15T07:34:51.372163+00:00,10000,0.5,20000,20000,1.0,1.0,1.0,10000,10000,0,0,0.0,0.0,0,0.0,0,0.0,0,0.0,NA,NA,0,0.0,0,0.0,0,0.0,0,0.0,0,0.0,0,0.0,0,0.0,0,0.0,0,0.0,10.09712550057884,10.09712550057884,15.228333000777639,15.228333000777639,18.79154199923505,18.79154199923505,112.36498132547283,112.36498132547283,NA,NA,NA,2000,results/phase_b2_services/raw/f8-concurrent-duplicate-transaction-requests/rate-1p00/concurrency-001/resilient/f8-concurrent-duplicate-transaction-requests/8ab0fedd-a2a1-4819-ae3c-14cf950274a4/rep-0004/summary.csv,B2
resilient,f8-concurrent-duplicate-transaction-requests,services,1.0,10000,1,5,2026141404,2026-08-15T07:34:52.341402+00:00,2026-08-15T07:38:08.636892+00:00,10000,0.5,20000,20000,1.0,1.0,1.0,10000,10000,0,0,0.0,0.0,0,0.0,0,0.0,0,0.0,NA,NA,0,0.0,0,0.0,0,0.0,0,0.0,0,0.0,0,0.0,0,0.0,0,0.0,0,0.0,10.335395998481545,10.335395998481545,16.42616699973587,16.42616699973587,19.50287500039849,19.50287500039849,105.55648366826826,105.55648366826826,NA,NA,NA,2000,results/phase_b2_services/raw/f8-concurrent-duplicate-transaction-requests/rate-1p00/concurrency-001/resilient/f8-concurrent-duplicate-transaction-requests/47d291a6-f24a-4a21-84ab-5466385b2f9e/rep-0005/summary.csv,B2
baseline,f8-concurrent-duplicate-transaction-requests,services,1.0,10000,10,1,2026151400,2026-08-15T07:38:09.569615+00:00,2026-08-15T07:39:08.447755+00:00,10000,0.5,20000,20000,1.0,1.0,1.0,10000,10000,0,0,0.0,0.0,0,0.0,0,0.0,0,0.0,NA,NA,0,0.0,0,0.0,0,0.0,0,0.0,0,0.0,0,0.0,0,0.0,0,0.0,0,0.0,28.883833500003675,28.883833500003675,39.37033399961365,39.37033399961365,45.23916600010125,45.23916600010125,339.9988593888219,339.9988593888219,NA,NA,NA,2000,results/phase_b2_services/raw/f8-concurrent-duplicate-transaction-requests/rate-1p00/concurrency-010/baseline/f8-concurrent-duplicate-transaction-requests/2817e61b-d405-4cd5-8a17-2476ee8c116b/rep-0001/summary.csv,B2
baseline,f8-concurrent-duplicate-transaction-requests,services,1.0,10000,10,2,2026151401,2026-08-15T07:39:09.731475+00:00,2026-08-15T07:40:08.939298+00:00,10000,0.5,20000,20000,1.0,1.0,1.0,10000,10000,0,0,0.0,0.0,0,0.0,0,0.0,0,0.0,NA,NA,0,0.0,0,0.0,0,0.0,0,0.0,0,0.0,0,0.0,0,0.0,0,0.0,0,0.0,29.01972899962857,29.01972899962857,40.035375001025386,40.035375001025386,45.32637499869452,45.32637499869452,338.0588049962087,338.0588049962087,NA,NA,NA,2000,results/phase_b2_services/raw/f8-concurrent-duplicate-transaction-requests/rate-1p00/concurrency-010/baseline/f8-concurrent-duplicate-transaction-requests/7b24c65e-392e-42d2-b0cc-52c6564a8c9e/rep-0002/summary.csv,B2
baseline,f8-concurrent-duplicate-transaction-requests,services,1.0,10000,10,3,2026151402,2026-08-15T07:40:10.240920+00:00,2026-08-15T07:41:10.190656+00:00,10000,0.5,20000,20000,1.0,1.0,1.0,10000,10000,0,0,0.0,0.0,0,0.0,0,0.0,0,0.0,NA,NA,0,0.0,0,0.0,0,0.0,0,0.0,0,0.0,0,0.0,0,0.0,0,0.0,0,0.0,29.54885400049534,29.54885400049534,40.22662500028673,40.22662500028673,45.483459000024595,45.483459000024595,333.8915608353023,333.8915608353023,NA,NA,NA,2000,results/phase_b2_services/raw/f8-concurrent-duplicate-transaction-requests/rate-1p00/concurrency-010/baseline/f8-concurrent-duplicate-transaction-requests/fe45b711-0926-4e0b-a7fe-b50c83f811de/rep-0003/summary.csv,B2
baseline,f8-concurrent-duplicate-transaction-requests,services,1.0,10000,10,4,2026151403,2026-08-15T07:41:11.470607+00:00,2026-08-15T07:42:10.880226+00:00,10000,0.5,20000,20000,1.0,1.0,1.0,10000,10000,0,0,0.0,0.0,0,0.0,0,0.0,0,0.0,NA,NA,0,0.0,0,0.0,0,0.0,0,0.0,0,0.0,0,0.0,0,0.0,0,0.0,0,0.0,29.042624500107195,29.042624500107195,40.24483300054271,40.24483300054271,46.05541700038884,46.05541700038884,336.9326604653149,336.9326604653149,NA,NA,NA,2000,results/phase_b2_services/raw/f8-concurrent-duplicate-transaction-requests/rate-1p00/concurrency-010/baseline/f8-concurrent-duplicate-transaction-requests/b66d4c0f-b859-446d-a227-30a285af4bfd/rep-0004/summary.csv,B2
baseline,f8-concurrent-duplicate-transaction-requests,services,1.0,10000,10,5,2026151404,2026-08-15T07:42:12.158357+00:00,2026-08-15T07:43:11.828218+00:00,10000,0.5,20000,20000,1.0,1.0,1.0,10000,10000,0,0,0.0,0.0,0,0.0,0,0.0,0,0.0,NA,NA,0,0.0,0,0.0,0,0.0,0,0.0,0,0.0,0,0.0,0,0.0,0,0.0,0,0.0,29.005562500969972,29.005562500969972,40.84054200029641,40.84054200029641,46.57170799873711,46.57170799873711,335.4416324421851,335.4416324421851,NA,NA,NA,2000,results/phase_b2_services/raw/f8-concurrent-duplicate-transaction-requests/rate-1p00/concurrency-010/baseline/f8-concurrent-duplicate-transaction-requests/d5077749-d11b-4603-9912-881e4ae3f33b/rep-0005/summary.csv,B2
resilient,f8-concurrent-duplicate-transaction-requests,services,1.0,10000,10,1,2026151400,2026-08-15T07:43:13.226313+00:00,2026-08-15T07:45:02.958193+00:00,10000,0.5,20000,20000,0.98615,0.98615,1.0,10000,10000,0,0,0.0,0.0,0,0.0,0,0.0,0,0.0,NA,NA,0,0.0,0,0.0,0,0.0,0,0.0,0,0.0,0,0.0,0,0.0,0,0.0,0,0.0,50.84670849919348,50.84670849919348,63.64820899943879,63.64820899943879,70.19804099945759,70.19804099945759,194.9081614487695,194.9081614487695,NA,NA,NA,2000,results/phase_b2_services/raw/f8-concurrent-duplicate-transaction-requests/rate-1p00/concurrency-010/resilient/f8-concurrent-duplicate-transaction-requests/043d1450-81c5-4b8e-b81c-18b0d95299e3/rep-0001/summary.csv,B2
resilient,f8-concurrent-duplicate-transaction-requests,services,1.0,10000,10,2,2026151401,2026-08-15T07:45:04.005975+00:00,2026-08-15T07:46:52.174787+00:00,10000,0.5,20000,20000,0.98595,0.98595,1.0,10000,10000,0,0,0.0,0.0,0,0.0,0,0.0,0,0.0,NA,NA,0,0.0,0,0.0,0,0.0,0,0.0,0,0.0,0,0.0,0,0.0,0,0.0,0,0.0,49.55620849978004,49.55620849978004,63.127958001132356,63.127958001132356,69.08549999934621,69.08549999934621,198.69081833381702,198.69081833381702,NA,NA,NA,2000,results/phase_b2_services/raw/f8-concurrent-duplicate-transaction-requests/rate-1p00/concurrency-010/resilient/f8-concurrent-duplicate-transaction-requests/a099d294-f6eb-4342-9088-4b301cbcb108/rep-0002/summary.csv,B2
resilient,f8-concurrent-duplicate-transaction-requests,services,1.0,10000,10,3,2026151402,2026-08-15T07:46:53.196463+00:00,2026-08-15T07:48:42.427526+00:00,10000,0.5,20000,20000,0.9878,0.9878,1.0,10000,10000,0,0,0.0,0.0,0,0.0,0,0.0,0,0.0,NA,NA,0,0.0,0,0.0,0,0.0,0,0.0,0,0.0,0,0.0,0,0.0,0,0.0,0,0.0,50.38974950002739,50.38974950002739,63.49945800138812,63.49945800138812,70.01741699968989,70.01741699968989,196.3684270296216,196.3684270296216,NA,NA,NA,2000,results/phase_b2_services/raw/f8-concurrent-duplicate-transaction-requests/rate-1p00/concurrency-010/resilient/f8-concurrent-duplicate-transaction-requests/f1ffe5c8-3485-420d-a192-8fbc99e3686f/rep-0003/summary.csv,B2
resilient,f8-concurrent-duplicate-transaction-requests,services,1.0,10000,10,4,2026151403,2026-08-15T07:48:43.446866+00:00,2026-08-15T07:50:33.096841+00:00,10000,0.5,20000,20000,0.9883,0.9883,1.0,10000,10000,0,0,0.0,0.0,0,0.0,0,0.0,0,0.0,NA,NA,0,0.0,0,0.0,0,0.0,0,0.0,0,0.0,0,0.0,0,0.0,0,0.0,0,0.0,50.1598755008672,50.1598755008672,63.368125000124564,63.368125000124564,69.8393330003455,69.8393330003455,196.2999520193857,196.2999520193857,NA,NA,NA,2000,results/phase_b2_services/raw/f8-concurrent-duplicate-transaction-requests/rate-1p00/concurrency-010/resilient/f8-concurrent-duplicate-transaction-requests/d700f4e8-8f16-4706-87e8-a0df0b07bcd4/rep-0004/summary.csv,B2
resilient,f8-concurrent-duplicate-transaction-requests,services,1.0,10000,10,5,2026151404,2026-08-15T07:50:34.058992+00:00,2026-08-15T07:52:23.516790+00:00,10000,0.5,20000,20000,0.98655,0.98655,1.0,10000,10000,0,0,0.0,0.0,0,0.0,0,0.0,0,0.0,NA,NA,0,0.0,0,0.0,0,0.0,0,0.0,0,0.0,0,0.0,0,0.0,0,0.0,0,0.0,50.380833499730215,50.380833499730215,63.157791999401525,63.157791999401525,69.79499999943073,69.79499999943073,196.02304709577405,196.02304709577405,NA,NA,NA,2000,results/phase_b2_services/raw/f8-concurrent-duplicate-transaction-requests/rate-1p00/concurrency-010/resilient/f8-concurrent-duplicate-transaction-requests/4db54898-ce52-4b4c-8aa0-b6f61f06f4b4/rep-0005/summary.csv,B2
baseline,f8-concurrent-duplicate-transaction-requests,services,1.0,10000,100,1,2026161400,2026-08-15T07:52:24.428197+00:00,2026-08-15T07:53:11.812883+00:00,10000,0.5,20000,20000,0.9994,0.9994,1.0,10000,10000,0,0,0.0006,0.0,0,0.0,0,0.0,0,0.0,NA,NA,0,0.0,0,0.0,0,0.0,0,0.0,12,0.0006,0,0.0,0,0.0,0,0.0,0,0.0,215.34102100031305,215.34102100031305,417.79700000006414,417.79700000006414,551.6323749998264,551.6323749998264,422.5229900846952,422.5229900846952,NA,NA,NA,2000,results/phase_b2_services/raw/f8-concurrent-duplicate-transaction-requests/rate-1p00/concurrency-100/baseline/f8-concurrent-duplicate-transaction-requests/4cf117b2-a83a-414c-aca8-f2ac8d1461c2/rep-0001/summary.csv,B2
baseline,f8-concurrent-duplicate-transaction-requests,services,1.0,10000,100,2,2026161401,2026-08-15T07:53:13.080410+00:00,2026-08-15T07:54:00.316981+00:00,10000,0.5,20000,20000,0.99945,0.99945,1.0,10000,10000,0,0,0.00055,0.0,0,0.0,0,0.0,0,0.0,NA,NA,0,0.0,0,0.0,0,0.0,0,0.0,11,0.00055,0,0.0,0,0.0,0,0.0,0,0.0,213.96118749999005,213.96118749999005,415.2767079995101,415.2767079995101,550.5884999984119,550.5884999984119,423.85134393614686,423.85134393614686,NA,NA,NA,2000,results/phase_b2_services/raw/f8-concurrent-duplicate-transaction-requests/rate-1p00/concurrency-100/baseline/f8-concurrent-duplicate-transaction-requests/481531ab-5b34-4b97-8491-e4bbc1a4f5d3/rep-0002/summary.csv,B2
baseline,f8-concurrent-duplicate-transaction-requests,services,1.0,10000,100,3,2026161402,2026-08-15T07:54:01.556062+00:00,2026-08-15T07:54:47.811104+00:00,10000,0.5,20000,20000,0.99945,0.99945,1.0,10000,10000,0,0,0.00055,0.0,0,0.0,0,0.0,0,0.0,NA,NA,0,0.0,0,0.0,0,0.0,0,0.0,11,0.00055,0,0.0,0,0.0,0,0.0,0,0.0,209.5383750001929,209.5383750001929,410.3870420003659,410.3870420003659,535.9120419998362,535.9120419998362,432.9225077315501,432.9225077315501,NA,NA,NA,2000,results/phase_b2_services/raw/f8-concurrent-duplicate-transaction-requests/rate-1p00/concurrency-100/baseline/f8-concurrent-duplicate-transaction-requests/4958ccab-26e7-469f-afd8-555087639877/rep-0003/summary.csv,B2
baseline,f8-concurrent-duplicate-transaction-requests,services,1.0,10000,100,4,2026161403,2026-08-15T07:54:49.161400+00:00,2026-08-15T07:55:34.886291+00:00,10000,0.5,20000,20000,0.99935,0.99935,1.0,10000,10000,0,0,0.00065,0.0,0,0.0,0,0.0,0,0.0,NA,NA,0,0.0,0,0.0,0,0.0,0,0.0,13,0.00065,0,0.0,0,0.0,0,0.0,0,0.0,207.13610450093256,207.13610450093256,400.32283299842675,400.32283299842675,532.6895830003195,532.6895830003195,437.8875750877591,437.8875750877591,NA,NA,NA,2000,results/phase_b2_services/raw/f8-concurrent-duplicate-transaction-requests/rate-1p00/concurrency-100/baseline/f8-concurrent-duplicate-transaction-requests/56536646-2534-42fc-91bb-c996c00a8fb7/rep-0004/summary.csv,B2
baseline,f8-concurrent-duplicate-transaction-requests,services,1.0,10000,100,5,2026161404,2026-08-15T07:55:36.168368+00:00,2026-08-15T07:56:22.899073+00:00,10000,0.5,20000,20000,0.9996,0.9996,1.0,10000,10000,0,0,0.0004,0.0,0,0.0,0,0.0,0,0.0,NA,NA,0,0.0,0,0.0,0,0.0,0,0.0,8,0.0004,0,0.0,0,0.0,0,0.0,0,0.0,213.03052100029163,213.03052100029163,410.8837500007212,410.8837500007212,537.9204170003504,537.9204170003504,428.4800701198369,428.4800701198369,NA,NA,NA,2000,results/phase_b2_services/raw/f8-concurrent-duplicate-transaction-requests/rate-1p00/concurrency-100/baseline/f8-concurrent-duplicate-transaction-requests/2a7ac6d8-cba3-4336-a91c-04f40f697837/rep-0005/summary.csv,B2
resilient,f8-concurrent-duplicate-transaction-requests,services,1.0,10000,100,1,2026161400,2026-08-15T07:56:24.209501+00:00,2026-08-15T07:57:46.303355+00:00,10000,0.5,20000,20000,0.95955,0.95955,1.0,10000,10000,0,0,0.0,0.0,0,0.0,0,0.0,0,0.0,NA,NA,0,0.0,0,0.0,0,0.0,0,0.0,0,0.0,0,0.0,0,0.0,0,0.0,0,0.0,352.9897290000008,352.9897290000008,623.3590840001852,623.3590840001852,781.9638749988371,781.9638749988371,267.3386538620817,267.3386538620817,NA,NA,NA,2000,results/phase_b2_services/raw/f8-concurrent-duplicate-transaction-requests/rate-1p00/concurrency-100/resilient/f8-concurrent-duplicate-transaction-requests/356706a7-f2eb-40b4-8235-0080870581e9/rep-0001/summary.csv,B2
resilient,f8-concurrent-duplicate-transaction-requests,services,1.0,10000,100,2,2026161401,2026-08-15T07:57:47.395097+00:00,2026-08-15T07:59:09.787379+00:00,10000,0.5,20000,20000,0.9618,0.9618,1.0,10000,10000,0,0,0.0,0.0,0,0.0,0,0.0,0,0.0,NA,NA,0,0.0,0,0.0,0,0.0,0,0.0,0,0.0,0,0.0,0,0.0,0,0.0,0,0.0,353.1314374995418,353.1314374995418,628.8896670012036,628.8896670012036,798.3759999988251,798.3759999988251,266.40041587902084,266.40041587902084,NA,NA,NA,2000,results/phase_b2_services/raw/f8-concurrent-duplicate-transaction-requests/rate-1p00/concurrency-100/resilient/f8-concurrent-duplicate-transaction-requests/78823211-9af4-478b-a6f0-db278e347e72/rep-0002/summary.csv,B2
resilient,f8-concurrent-duplicate-transaction-requests,services,1.0,10000,100,3,2026161402,2026-08-15T07:59:10.774281+00:00,2026-08-15T08:00:32.639005+00:00,10000,0.5,20000,20000,0.9606,0.9606,1.0,10000,10000,0,0,0.0,0.0,0,0.0,0,0.0,0,0.0,NA,NA,0,0.0,0,0.0,0,0.0,0,0.0,0,0.0,0,0.0,0,0.0,0,0.0,0,0.0,350.69443799875444,350.69443799875444,622.9180420014018,622.9180420014018,777.6006250005594,777.6006250005594,268.78822692513876,268.78822692513876,NA,NA,NA,2000,results/phase_b2_services/raw/f8-concurrent-duplicate-transaction-requests/rate-1p00/concurrency-100/resilient/f8-concurrent-duplicate-transaction-requests/3160a510-16ac-49dd-adda-cc6198e8c505/rep-0003/summary.csv,B2
resilient,f8-concurrent-duplicate-transaction-requests,services,1.0,10000,100,4,2026161403,2026-08-15T08:00:33.698127+00:00,2026-08-15T08:01:54.765920+00:00,10000,0.5,20000,20000,0.9637,0.9637,1.0,10000,10000,0,0,0.0,0.0,0,0.0,0,0.0,0,0.0,NA,NA,0,0.0,0,0.0,0,0.0,0,0.0,0,0.0,0,0.0,0,0.0,0,0.0,0,0.0,348.1229170001825,348.1229170001825,620.1827500008221,620.1827500008221,781.9651249992603,781.9651249992603,270.45515332171254,270.45515332171254,NA,NA,NA,2000,results/phase_b2_services/raw/f8-concurrent-duplicate-transaction-requests/rate-1p00/concurrency-100/resilient/f8-concurrent-duplicate-transaction-requests/5ff32686-5b02-4d5a-abfa-300f409ed431/rep-0004/summary.csv,B2
resilient,f8-concurrent-duplicate-transaction-requests,services,1.0,10000,100,5,2026161404,2026-08-15T08:01:55.779919+00:00,2026-08-15T08:03:16.977523+00:00,10000,0.5,20000,20000,0.9615,0.9615,1.0,10000,10000,0,0,0.0,0.0,0,0.0,0,0.0,0,0.0,NA,NA,0,0.0,0,0.0,0,0.0,0,0.0,0,0.0,0,0.0,0,0.0,0,0.0,0,0.0,347.7493125001274,347.7493125001274,615.1695000007749,615.1695000007749,766.8458330008434,766.8458330008434,271.816292007688,271.816292007688,NA,NA,NA,2000,results/phase_b2_services/raw/f8-concurrent-duplicate-transaction-requests/rate-1p00/concurrency-100/resilient/f8-concurrent-duplicate-transaction-requests/bee30c4f-989b-46ae-a4b4-2b00242ed6fa/rep-0005/summary.csv,B2
