scenario,mode,backend,repetitionCount,successRateMean,successRateMedian,successRateStd,invariantViolationRateMean,invariantViolationRateMedian,invariantViolationRateStd,duplicatePaymentRateMean,duplicatePaymentRateMedian,duplicatePaymentRateStd,duplicateOrderRateMean,duplicateOrderRateMedian,duplicateOrderRateStd,orphanedOrderRateMean,orphanedOrderRateMedian,orphanedOrderRateStd,recoveryRateMean,recoveryRateMedian,recoveryRateStd,compensationRateMean,compensationRateMedian,compensationRateStd,p50LatencyMean,p50LatencyMedian,p50LatencyStd,p95LatencyMean,p95LatencyMedian,p95LatencyStd,p99LatencyMean,p99LatencyMedian,p99LatencyStd,throughputMean,throughputMedian,throughputStd,averageRetryCountMean,averageRetryCountMedian,averageRetryCountStd,recoveryTimeMean,recoveryTimeMedian,recoveryTimeStd
f0-no-failure,baseline,services,5,1.0,1.0,0.0,0.0,0.0,0.0,0.0,0.0,0.0,0.0,0.0,0.0,0.0,0.0,0.0,0.0,0.0,0.0,0.0,0.0,0.0,56.68017489999953,56.64952049999883,0.6284259726545397,93.15252480000069,91.36491699999993,5.417400171116205,121.002599599999,114.86654099999782,15.643359251946997,829.2306172321211,830.733043718334,12.712647062384773,0.0,0.0,0.0,0.0,0.0,0.0
f0-no-failure,resilient,services,5,1.0,1.0,0.0,0.0,0.0,0.0,0.0,0.0,0.0,0.0,0.0,0.0,0.0,0.0,0.0,0.0,0.0,0.0,0.0,0.0,0.0,103.87831239999912,103.6429585000036,1.575044243630113,169.78029180000078,168.88099999999895,3.5252498612404692,205.91392499999586,204.9435419999952,5.690693286448047,457.87867796969084,458.1932647519625,8.285688980201641,0.0,0.0,0.0,0.0,0.0,0.0
f1-cart-http-500,baseline,services,5,0.95072,0.9507,0.0013255187663703686,0.0,0.0,0.0,0.0,0.0,0.0,0.0,0.0,0.0,0.0,0.0,0.0,0.0,0.0,0.0,0.0,0.0,0.0,61.521025000010354,61.59247900001219,0.44841966643745274,99.97493340000005,100.08937500001025,1.535869311944485,124.03315820000103,124.85591699999077,2.4307191869999567,773.6776626694265,775.0751413550568,6.515730708661802,0.0,0.0,0.0,0.0,0.0,0.0
f1-cart-http-500,resilient,services,5,0.95072,0.9507,0.0013255187663703686,0.0,0.0,0.0,0.0,0.0,0.0,0.0,0.0,0.0,0.0,0.0,0.0,0.0,0.0,0.0,0.0,0.0,0.0,110.26974610000764,110.02841699999522,3.7070141629937683,181.05254160000754,179.4854999999984,6.083660651161158,219.58796659998825,218.26037499999984,9.078541466063454,436.4939237221683,437.86498384602504,14.141878182368494,0.0,0.0,0.0,0.0,0.0,0.0
f10-payment-permanently-fails,baseline,services,5,0.95038,0.9505,0.001616168308066951,0.049620000000000004,0.0495,0.001616168308066955,0.0,0.0,0.0,0.0,0.0,0.0,0.0,0.0,0.0,0.0,0.0,0.0,0.0,0.0,0.0,67.0486585001072,67.13427099998626,1.6895038221306224,111.8027336000523,111.43870900014008,4.020158879444814,146.19819999988977,140.15191699991192,11.81828012401096,700.6716787728895,695.0658324781275,20.415863025320306,0.0,0.0,0.0,0.0,0.0,0.0
f10-payment-permanently-fails,resilient,services,5,0.95038,0.9505,0.001616168308066951,0.0,0.0,0.0,0.0,0.0,0.0,0.0,0.0,0.0,0.0,0.0,0.0,0.0,0.0,0.0,0.049620000000000004,0.0495,0.001616168308066955,124.64072919997307,122.97449950006012,6.334926496509317,205.87085799998022,199.94533299995965,15.145529421525014,250.95196699985536,239.05399999966903,21.87648609902999,382.71883315478937,388.0994052201988,19.860185998315256,0.0,0.0,0.0,0.0,0.0,0.0
f11-transient-payment-failure-recovery,baseline,services,5,0.95062,0.9508,0.0022521101216415136,0.04938,0.0492,0.00225211012164148,0.0,0.0,0.0,0.0,0.0,0.0,0.0,0.0,0.0,0.0,0.0,0.0,0.0,0.0,0.0,75.01106649992835,74.68895800002429,2.047145067529752,123.71292500010895,121.98591700007455,4.6103930997934475,153.79627519996575,151.33212499995352,6.854644547432647,630.0634192562076,635.3701946316834,16.009375954512393,0.0,0.0,0.0,0.0,0.0,0.0
f11-transient-payment-failure-recovery,resilient,services,5,0.9497599999999999,0.949,0.0023179732526498503,0.0,0.0,0.0,0.0,0.0,0.0,0.0,0.0,0.0,0.0,0.0,0.0,0.0,0.0,0.0,0.04962,0.0492,0.0021004761364985807,121.87137510004504,122.43120850007472,11.246621912243562,208.91259180007182,197.77925000016694,41.81672749776873,260.7920582000588,241.3902500002223,61.202753132491516,390.0551679341137,389.5080280489077,44.98534717833534,0.0,0.0,0.0,0.0,0.0,0.0
f12-compensation-failure-retry,baseline,services,5,0.95124,0.9519,0.0021078424988599078,0.04876,0.0481,0.0021078424988599125,0.0,0.0,0.0,0.0,0.0,0.0,0.0,0.0,0.0,0.0,0.0,0.0,0.0,0.0,0.0,62.64889600006427,63.51054150013624,2.5140003242119833,110.55681660000118,112.31945800000176,12.930194018508748,148.8470332000361,157.88079200001448,26.920733095851137,740.3122218082218,727.3324501006518,44.36312794505967,0.0,0.0,0.0,0.0,0.0,0.0
f12-compensation-failure-retry,resilient,services,5,0.95124,0.9519,0.0021078424988599078,0.0,0.0,0.0,0.0,0.0,0.0,0.0,0.0,0.0,0.0,0.0,0.0,0.0,0.0,0.0,0.04876,0.0481,0.0021078424988599125,113.483187599968,113.28422900010082,2.004729581277776,190.08650839996335,188.67904199987606,3.149389974465741,245.51469999996698,247.5155829997675,7.751928549560175,416.1110707662601,418.4223253374075,7.7012154300507785,0.04876,0.0481,0.0021078424988599125,0.0,0.0,0.0
f2-order-http-500,baseline,services,5,0.9498,0.9491,0.0014370107863199992,0.0,0.0,0.0,0.0,0.0,0.0,0.0,0.0,0.0,0.0,0.0,0.0,0.0,0.0,0.0,0.0,0.0,0.0,68.96114589999911,68.71133350000491,0.47559049697498335,113.71013340000218,113.54862500002127,1.4262753698501571,142.42532480000136,141.430583999977,2.695629071977719,684.6015097742124,685.3467244909392,5.9424645224763735,0.0,0.0,0.0,0.0,0.0,0.0
f2-order-http-500,resilient,services,5,0.9498,0.9491,0.0014370107863199992,0.0,0.0,0.0,0.0,0.0,0.0,0.0,0.0,0.0,0.0,0.0,0.0,0.0,0.0,0.0,0.0,0.0,0.0,119.90052899998886,119.93297899999789,1.2852813016385647,193.67024140001377,194.64862500001345,1.7992116849247832,233.99504999998726,234.30262499994114,2.873766132781429,399.70813076056663,398.56212337000295,4.084649856236633,0.0,0.0,0.0,0.0,0.0,0.0
f3-payment-http-500,baseline,services,5,0.94886,0.9493,0.0026387497039317455,0.05114,0.0507,0.002638749703931768,0.0,0.0,0.0,0.0,0.0,0.0,0.0,0.0,0.0,0.0,0.0,0.0,0.0,0.0,0.0,75.31687929999862,74.64493750001111,1.340874621449905,123.72906639993744,122.99758299991481,2.4870263226150207,155.18270820000453,152.8774580000345,4.815798618057142,627.6068823370897,631.8138940022784,12.39552785808759,0.0,0.0,0.0,0.0,0.0,0.0
f3-payment-http-500,resilient,services,5,0.94886,0.9493,0.0026387497039317455,0.0,0.0,0.0,0.0,0.0,0.0,0.0,0.0,0.0,0.0,0.0,0.0,0.0,0.0,0.0,0.05114,0.0507,0.002638749703931768,130.31215829998928,129.66297899998835,3.1760834367000834,212.5101333999737,213.29470900002434,4.248654605973092,258.7409085999752,261.1215419999553,7.969414505739607,366.1372421806453,367.8116748317483,8.18477477333723,0.0,0.0,0.0,0.0,0.0,0.0
f4-payment-timeout-before-side-effect,baseline,services,5,0.9511,0.9511,0.0023801260470823716,0.0489,0.0489,0.0023801260470823803,0.0,0.0,0.0,0.0,0.0,0.0,0.0,0.0,0.0,0.0,0.0,0.0,0.0,0.0,0.0,48.97460830001763,51.409354000043095,6.485475863750267,214.86313340000507,146.78975,173.91761581312977,556.5647085999991,559.1678749999573,8.633088413856365,657.9487984754567,634.7111248381489,66.60709524152382,0.0,0.0,0.0,0.0,0.0,0.0
f4-payment-timeout-before-side-effect,resilient,services,5,0.94718,0.9455,0.004256406935432734,4e-05,0.0,5.4772255750516614e-05,0.0,0.0,0.0,0.0,0.0,0.0,0.0,0.0,0.0,0.0,0.0,0.0,0.04976,0.0491,0.002714406012371768,100.88947909997205,115.55137499999546,34.43609168350744,617.6921665999914,382.1162080000704,559.4362122529981,1677.043941799984,1709.10487499998,61.83907753187001,281.23357470882695,253.20171671776689,72.10232989482243,2e-05,0.0,4.47213595499958e-05,0.0,0.0,0.0
f5-payment-succeeds-response-lost,baseline,services,5,0.9498,0.9496,0.0019065675964937646,0.0502,0.0504,0.0019065675964937611,0.0,0.0,0.0,0.0,0.0,0.0,0.0,0.0,0.0,0.0,0.0,0.0,0.0,0.0,0.0,37.25393349998285,37.686520999955064,1.411280285795739,360.87049180000577,517.6999170000727,217.76708536755612,543.7405249999301,543.2764580000367,1.8784093110990614,759.3937982549694,762.1952792701911,10.584673392403634,0.0,0.0,0.0,0.0,0.0,0.0
f5-payment-succeeds-response-lost,resilient,services,5,1.0,1.0,0.0,0.0,0.0,0.0,0.0,0.0,0.0,0.0,0.0,0.0,0.0,0.0,0.0,0.0,0.0,0.0,0.0,0.0,0.0,41.066745699981766,40.68987499999821,1.5337211547023377,967.3857664000025,1531.8671249999625,776.9157744094856,1565.8145413999591,1565.507332999914,1.7984901027529294,401.65765456390676,403.1384171128337,8.585297298194229,0.0,0.0,0.0,0.0,0.0,0.0
f6-order-succeeds-response-lost,baseline,services,5,0.9498,0.9501,0.002347338918861112,0.0502,0.0499,0.002347338918861099,0.0,0.0,0.0,0.0,0.0,0.0,0.0,0.0,0.0,0.0,0.0,0.0,0.0,0.0,0.0,37.93747080001027,38.44197900002655,2.4056018382567235,187.89997520001756,105.62870900002963,183.9360801244133,534.3769415999683,534.86437499987,1.750576767112935,758.7611474344549,759.711241588175,15.723903987402917,0.0,0.0,0.0,0.0,0.0,0.0
f6-order-succeeds-response-lost,resilient,services,5,0.99994,1.0,0.00013416407864997261,0.0,0.0,0.0,0.0,0.0,0.0,0.0,0.0,0.0,0.0,0.0,0.0,0.0,0.0,0.0,0.0,0.0,0.0,43.03107920002276,41.299000000094566,7.879305850708559,462.54040839999107,135.43941700004325,614.9581893362077,1571.3341084000604,1562.6612080000086,21.970887172216212,393.8700936923552,410.0538702916798,34.155216092539476,0.0,0.0,0.0,0.0,0.0,0.0
f7-duplicate-transaction-request,baseline,services,5,1.0,1.0,0.0,0.0,0.0,0.0,0.0,0.0,0.0,0.0,0.0,0.0,0.0,0.0,0.0,0.0,0.0,0.0,0.0,0.0,0.0,61.10093759998563,61.163687499970365,0.43781752503477317,99.55331659998592,99.44612499998584,1.2248485193066136,126.22293340000397,126.31179200002407,1.7232610052266741,774.3552588349428,772.5077035895418,5.986560394761415,0.0,0.0,0.0,0.0,0.0,0.0
f7-duplicate-transaction-request,resilient,services,5,0.9256,0.9262,0.00296942755426025,4.9999999999999996e-05,0.0,7.071067811865475e-05,0.0,0.0,0.0,0.0,0.0,0.0,0.0,0.0,0.0,0.0,0.0,0.0,0.00043000000000000004,0.0,0.0006960603422117942,106.078199999979,99.56960399995296,15.213821899575205,182.7110248000281,159.66145800007325,52.04704834595308,232.11159179991228,195.14766599991162,83.60192299247907,453.0745486612288,479.51229763232607,64.26435344967898,0.0,0.0,0.0,0.0,0.0,0.0
f8-concurrent-duplicate-transaction-requests,baseline,services,5,1.0,1.0,0.0,0.0,0.0,0.0,0.0,0.0,0.0,0.0,0.0,0.0,0.0,0.0,0.0,0.0,0.0,0.0,0.0,0.0,0.0,62.48501249999663,62.45577050003703,0.407076604827904,105.69420000001628,103.91554200009523,5.130888760750103,136.23842500001047,131.0390000001007,14.581854760553663,748.9814870409601,752.5856833264199,14.455950619294038,0.0,0.0,0.0,0.0,0.0,0.0
f8-concurrent-duplicate-transaction-requests,resilient,services,5,0.92477,0.92465,0.0021507556811502506,0.00044,5e-05,0.0009009716976686893,0.0,0.0,0.0,0.0,0.0,0.0,0.0,0.0,0.0,0.0,0.0,0.0,0.0,0.0,0.0,103.74281260001226,100.85656249987096,6.393006257153465,198.49617500008208,190.5002080002305,39.01066459284088,377.510458200004,290.7180409997636,245.3048962906392,433.60729789502415,434.28721365512,52.24880340960715,0.0,0.0,0.0,0.0,0.0,0.0
f9-orchestrator-interruption-after-order,baseline,services,5,0.0,0.0,0.0,1.0,1.0,0.0,0.0,0.0,0.0,0.0,0.0,0.0,0.0,0.0,0.0,0.0,0.0,0.0,0.0,0.0,0.0,53.01349179994759,53.33185399990725,0.8544273916772478,88.13753320000615,89.00533299993185,3.6704747732686194,117.05025819992443,115.05833299997903,9.66495361800238,882.2413312509111,877.9728668850568,19.65260695793574,0.0,0.0,0.0,0.0,0.0,0.0
f9-orchestrator-interruption-after-order,resilient,services,5,0.85994,0.86,0.0026847718711280016,0.0,0.0,0.0,0.0,0.0,0.0,0.0,0.0,0.0,0.0,0.0,0.0,0.99954,0.9996,0.00015165750888105822,0.0,0.0,0.0,669.3860126000317,678.4037499999158,18.723871091455827,946.3613998000426,950.7286250000107,31.473622851531943,1134.0306667999698,1127.4572080001235,65.04418735139897,73.30173891118415,72.50312720035099,2.127075610749367,0.0,0.0,0.0,675.4186103170163,682.4492065010529,18.97305389684992
