mode,scenario,backend,configuredFailureRate,transactionCount,concurrency,repetitionNumber,randomSeed,runStartedAt,runEndedAt,actualInjectedFailureCount,actualInjectedFailureRate,successRate,failureRate,recoveryRate,compensationRate,duplicateOrderRate,duplicatePaymentRate,orphanedOrderRate,invariantViolationRate,retryCount,averageRetryCount,p50Latency,p95Latency,p99Latency,throughput,recoveryTime,summaryPath
baseline,f0-no-failure,services,0.0,10000,50,1,2026081400,2026-08-14T07:07:30.849429+00:00,2026-08-14T07:07:42.679080+00:00,0,0.0,1.0,0.0,0.0,0.0,0.0,0.0,0.0,0.0,0,0.0,55.80156250000057,89.55520800000016,115.62249999999975,845.3919780903143,0.0,results/phase_a_services/baseline/f0-no-failure/38131168-fd00-49c1-b1d8-66afbb68a2dd/rep-0001/summary.csv
baseline,f0-no-failure,services,0.0,10000,50,2,2026081401,2026-08-14T07:07:43.011175+00:00,2026-08-14T07:07:55.347729+00:00,0,0.0,1.0,0.0,0.0,0.0,0.0,0.0,0.0,0.0,0,0.0,56.393895499997626,102.72845800000141,148.8975410000002,810.6575198557387,0.0,results/phase_a_services/baseline/f0-no-failure/5bf82008-254a-4620-bf3f-e1384786f60a/rep-0002/summary.csv
baseline,f0-no-failure,services,0.0,10000,50,3,2026081402,2026-08-14T07:07:55.680840+00:00,2026-08-14T07:08:07.797756+00:00,0,0.0,1.0,0.0,0.0,0.0,0.0,0.0,0.0,0.0,0,0.0,57.206687499997244,91.67987500000052,112.78124999999761,825.3479146034067,0.0,results/phase_a_services/baseline/f0-no-failure/c3e80d87-97aa-4e8c-9df4-ac70c3470f30/rep-0003/summary.csv
baseline,f0-no-failure,services,0.0,10000,50,4,2026081403,2026-08-14T07:08:08.121324+00:00,2026-08-14T07:08:20.112347+00:00,0,0.0,1.0,0.0,0.0,0.0,0.0,0.0,0.0,0.0,0,0.0,56.64952049999883,91.36491699999993,112.84516599999961,834.0226298928116,0.0,results/phase_a_services/baseline/f0-no-failure/730706c8-214f-4469-a255-4a2d6b4b5e35/rep-0004/summary.csv
baseline,f0-no-failure,services,0.0,10000,50,5,2026081404,2026-08-14T07:08:20.445611+00:00,2026-08-14T07:08:32.484071+00:00,0,0.0,1.0,0.0,0.0,0.0,0.0,0.0,0.0,0.0,0,0.0,57.34920850000336,90.43416600000143,114.86654099999782,830.733043718334,0.0,results/phase_a_services/baseline/f0-no-failure/ac2885b5-da5a-497d-8fb6-9fc4f06b4446/rep-0005/summary.csv
resilient,f0-no-failure,services,0.0,10000,50,1,2026081400,2026-08-14T07:08:32.826248+00:00,2026-08-14T07:08:54.272829+00:00,0,0.0,1.0,0.0,0.0,0.0,0.0,0.0,0.0,0.0,0,0.0,102.43960400000418,165.71145900000772,199.66449999999725,466.29419876903955,0.0,results/phase_a_services/resilient/f0-no-failure/67678f25-1b72-46dc-b37e-b8c76be932ae/rep-0001/summary.csv
resilient,f0-no-failure,services,0.0,10000,50,2,2026081401,2026-08-14T07:08:54.683173+00:00,2026-08-14T07:09:16.157056+00:00,0,0.0,1.0,0.0,0.0,0.0,0.0,0.0,0.0,0.0,0,0.0,102.31852049999901,167.45629199999712,201.38537500000098,465.7040770446189,0.0,results/phase_a_services/resilient/f0-no-failure/ad73c27c-64c8-4923-9867-23d7b0cdd611/rep-0002/summary.csv
resilient,f0-no-failure,services,0.0,10000,50,3,2026081402,2026-08-14T07:09:16.514572+00:00,2026-08-14T07:09:38.340440+00:00,0,0.0,1.0,0.0,0.0,0.0,0.0,0.0,0.0,0.0,0,0.0,103.6429585000036,168.88099999999895,204.9435419999952,458.1932647519625,0.0,results/phase_a_services/resilient/f0-no-failure/abc5d120-2c97-42d5-9a78-19f2ed524eb5/rep-0003/summary.csv
resilient,f0-no-failure,services,0.0,10000,50,4,2026081403,2026-08-14T07:09:38.729071+00:00,2026-08-14T07:10:00.890858+00:00,0,0.0,1.0,0.0,0.0,0.0,0.0,0.0,0.0,0.0,0,0.0,105.23454149999623,173.00391700001683,211.8862909999848,451.2458169371755,0.0,results/phase_a_services/resilient/f0-no-failure/a47e279c-606f-4107-b6e6-02c7cde270f2/rep-0004/summary.csv
resilient,f0-no-failure,services,0.0,10000,50,5,2026081404,2026-08-14T07:10:01.226677+00:00,2026-08-14T07:10:23.551223+00:00,0,0.0,1.0,0.0,0.0,0.0,0.0,0.0,0.0,0.0,0,0.0,105.75593749999257,173.8487909999833,211.68991700000106,447.9560323456577,0.0,results/phase_a_services/resilient/f0-no-failure/ea661c6c-8636-4f7d-bdbe-47d3c47cfab8/rep-0005/summary.csv
baseline,f1-cart-http-500,services,0.05,10000,50,1,2026091400,2026-08-14T07:10:23.967956+00:00,2026-08-14T07:10:37.027843+00:00,511,0.0511,0.9489,0.0511,0.0,0.0,0.0,0.0,0.0,0.0,0,0.0,62.12883350001164,100.90670799999657,125.44549999998367,765.7569594365557,0.0,results/phase_a_services/baseline/f1-cart-http-500/08b5cd88-0c81-42f1-b7ca-3bcd43dd81cd/rep-0001/summary.csv
baseline,f1-cart-http-500,services,0.05,10000,50,2,2026091401,2026-08-14T07:10:37.379840+00:00,2026-08-14T07:10:50.185787+00:00,490,0.049,0.951,0.049,0.0,0.0,0.0,0.0,0.0,0.0,0,0.0,60.890042000011135,98.69520899999884,121.63783300002251,780.9430807056955,0.0,results/phase_a_services/baseline/f1-cart-http-500/590b1cad-b7cd-4bb9-acf9-f97630014e9d/rep-0002/summary.csv
baseline,f1-cart-http-500,services,0.05,10000,50,3,2026091402,2026-08-14T07:10:50.533223+00:00,2026-08-14T07:11:03.436066+00:00,474,0.0474,0.9526,0.0474,0.0,0.0,0.0,0.0,0.0,0.0,0,0.0,61.37343700001452,100.08937500001025,124.85591699999077,775.0751413550568,0.0,results/phase_a_services/baseline/f1-cart-http-500/f554dd44-9f2c-48c2-97e2-43888cb7247f/rep-0003/summary.csv
baseline,f1-cart-http-500,services,0.05,10000,50,4,2026091403,2026-08-14T07:11:03.829890+00:00,2026-08-14T07:11:16.677538+00:00,496,0.0496,0.9504,0.0496,0.0,0.0,0.0,0.0,0.0,0.0,0,0.0,61.59247900001219,98.23570800000425,121.3554160000001,778.4088583245043,0.0,results/phase_a_services/baseline/f1-cart-http-500/94b93926-71c0-4fb0-99e0-67e7a54462c1/rep-0004/summary.csv
baseline,f1-cart-http-500,services,0.05,10000,50,5,2026091404,2026-08-14T07:11:17.035529+00:00,2026-08-14T07:11:30.053854+00:00,493,0.0493,0.9507,0.0493,0.0,0.0,0.0,0.0,0.0,0.0,0,0.0,61.62033350000229,101.94766699999036,126.87112500000808,768.20427352532,0.0,results/phase_a_services/baseline/f1-cart-http-500/e38223c6-0f7a-4491-a2a5-f21015579f4c/rep-0005/summary.csv
resilient,f1-cart-http-500,services,0.05,10000,50,1,2026091400,2026-08-14T07:11:30.408784+00:00,2026-08-14T07:11:52.416228+00:00,511,0.0511,0.9489,0.0511,0.0,0.0,0.0,0.0,0.0,0.0,0,0.0,105.7005630000134,174.46441699999582,210.21024999998872,454.4119615717123,0.0,results/phase_a_services/resilient/f1-cart-http-500/95add79c-9e7f-4270-8507-39b690edbe52/rep-0001/summary.csv
resilient,f1-cart-http-500,services,0.05,10000,50,2,2026091401,2026-08-14T07:11:52.821177+00:00,2026-08-14T07:12:15.342429+00:00,490,0.049,0.951,0.049,0.0,0.0,0.0,0.0,0.0,0.0,0,0.0,108.0704585000376,179.4854999999984,218.26037499999984,444.0481314870927,0.0,results/phase_a_services/resilient/f1-cart-http-500/077d060e-f898-4d61-aaad-8ff03336741c/rep-0002/summary.csv
resilient,f1-cart-http-500,services,0.05,10000,50,3,2026091402,2026-08-14T07:12:15.688383+00:00,2026-08-14T07:12:38.527908+00:00,474,0.0474,0.9526,0.0474,0.0,0.0,0.0,0.0,0.0,0.0,0,0.0,110.02841699999522,177.40787500002853,213.21137499995757,437.86498384602504,0.0,results/phase_a_services/resilient/f1-cart-http-500/9c5470e2-2af7-4d80-9d60-34200a7fb4e7/rep-0003/summary.csv
resilient,f1-cart-http-500,services,0.05,10000,50,4,2026091403,2026-08-14T07:12:38.955299+00:00,2026-08-14T07:13:02.291795+00:00,496,0.0496,0.9504,0.0496,0.0,0.0,0.0,0.0,0.0,0.0,0,0.0,112.25368749998665,183.84737500002757,222.96079199998076,428.53520968767305,0.0,results/phase_a_services/resilient/f1-cart-http-500/147c065a-071a-4aab-8948-15fc2ddddb41/rep-0004/summary.csv
resilient,f1-cart-http-500,services,0.05,10000,50,5,2026091404,2026-08-14T07:13:02.669878+00:00,2026-08-14T07:13:26.616837+00:00,493,0.0493,0.9507,0.0493,0.0,0.0,0.0,0.0,0.0,0.0,0,0.0,115.29560450000531,190.0575409999874,233.29704100001436,417.60933201833836,0.0,results/phase_a_services/resilient/f1-cart-http-500/3bea9633-525b-405f-b876-22d8d1026472/rep-0005/summary.csv
baseline,f10-payment-permanently-fails,services,0.05,10000,50,1,2026181400,2026-08-14T17:55:14.919861+00:00,2026-08-14T17:55:28.857516+00:00,507,0.0507,0.9493,0.0507,0.0,0.0,0.0,0.0,0.0,0.0507,0,0.0,65.26464600028703,108.91637500026263,140.15191699991192,717.5310581621615,0.0,results/phase_a_services/baseline/f10-payment-permanently-fails/2c737b2d-1746-446c-b59f-3ac48a9b9462/rep-0001/summary.csv
baseline,f10-payment-permanently-fails,services,0.05,10000,50,2,2026181401,2026-08-14T17:55:29.282793+00:00,2026-08-14T17:55:43.100393+00:00,485,0.0485,0.9515,0.0485,0.0,0.0,0.0,0.0,0.0,0.0485,0,0.0,65.49645850009256,106.96933400004127,133.67854099988108,723.764478563973,0.0,results/phase_a_services/baseline/f10-payment-permanently-fails/85272c44-a2d0-4805-b011-c3498c1957c5/rep-0002/summary.csv
baseline,f10-payment-permanently-fails,services,0.05,10000,50,3,2026181402,2026-08-14T17:55:43.464713+00:00,2026-08-14T17:55:57.871017+00:00,517,0.0517,0.9483,0.0517,0.0,0.0,0.0,0.0,0.0,0.0517,0,0.0,67.13427099998626,115.57295799957501,157.73720900006083,694.186191513798,0.0,results/phase_a_services/baseline/f10-payment-permanently-fails/ee5fb0a8-07de-45d2-ae85-220e6e144e7a/rep-0003/summary.csv
baseline,f10-payment-permanently-fails,services,0.05,10000,50,4,2026181403,2026-08-14T17:55:58.256424+00:00,2026-08-14T17:56:12.645432+00:00,477,0.0477,0.9523,0.0477,0.0,0.0,0.0,0.0,0.0,0.0477,0,0.0,68.1566880000446,111.43870900014008,139.52466599994295,695.0658324781275,0.0,results/phase_a_services/baseline/f10-payment-permanently-fails/19c01144-7dec-4596-a2e0-68606ac1162e/rep-0004/summary.csv
baseline,f10-payment-permanently-fails,services,0.05,10000,50,5,2026181404,2026-08-14T17:56:13.111952+00:00,2026-08-14T17:56:27.975973+00:00,495,0.0495,0.9505,0.0495,0.0,0.0,0.0,0.0,0.0,0.0495,0,0.0,69.19122900012553,116.11629200024254,159.89866699965205,672.8108331463878,0.0,results/phase_a_services/baseline/f10-payment-permanently-fails/99fe86cd-dd99-4b48-b7f6-1f97c75f0e15/rep-0005/summary.csv
resilient,f10-payment-permanently-fails,services,0.05,10000,50,1,2026181400,2026-08-14T17:56:28.458204+00:00,2026-08-14T17:56:54.301569+00:00,507,0.0507,0.9493,0.0,0.0,0.0507,0.0,0.0,0.0,0.0,0,0.0,121.97479199994632,207.92704099994808,260.61187499999505,386.96211449836676,0.0,results/phase_a_services/resilient/f10-payment-permanently-fails/e78757ba-7571-4650-953a-cedba8aea65d/rep-0001/summary.csv
resilient,f10-payment-permanently-fails,services,0.05,10000,50,2,2026181401,2026-08-14T17:56:54.689250+00:00,2026-08-14T17:57:19.709018+00:00,485,0.0485,0.9515,0.0,0.0,0.0485,0.0,0.0,0.0,0.0,0,0.0,119.41224999986844,193.4095830001752,233.27470899994296,399.7018430656763,0.0,results/phase_a_services/resilient/f10-payment-permanently-fails/b1e9ba83-45fe-4f06-a824-f8a7a130e8ad/rep-0002/summary.csv
resilient,f10-payment-permanently-fails,services,0.05,10000,50,3,2026181402,2026-08-14T17:57:20.120826+00:00,2026-08-14T17:57:45.730716+00:00,517,0.0517,0.9483,0.0,0.0,0.0517,0.0,0.0,0.0,0.0,0,0.0,122.97449950006012,196.86670800001593,236.7367919996468,390.4910597970787,0.0,results/phase_a_services/resilient/f10-payment-permanently-fails/e5e44126-b3e2-4a75-98c7-684148229589/rep-0003/summary.csv
resilient,f10-payment-permanently-fails,services,0.05,10000,50,4,2026181403,2026-08-14T17:57:46.144342+00:00,2026-08-14T17:58:11.912128+00:00,477,0.0477,0.9523,0.0,0.0,0.0477,0.0,0.0,0.0,0.0,0,0.0,123.19202100002258,199.94533299995965,239.05399999966903,388.0994052201988,0.0,results/phase_a_services/resilient/f10-payment-permanently-fails/06ae4e9d-7154-40fc-92df-4ae74f0a486f/rep-0004/summary.csv
resilient,f10-payment-permanently-fails,services,0.05,10000,50,5,2026181404,2026-08-14T17:58:12.422535+00:00,2026-08-14T17:58:41.131342+00:00,495,0.0495,0.9505,0.0,0.0,0.0495,0.0,0.0,0.0,0.0,0,0.0,135.65008349996788,231.20562499980224,285.08245900002294,348.3397431926264,0.0,results/phase_a_services/resilient/f10-payment-permanently-fails/f359b16b-6099-4240-ad20-6ddaf040a6e7/rep-0005/summary.csv
baseline,f11-transient-payment-failure-recovery,services,0.05,10000,50,1,2026191400,2026-08-14T17:58:41.575411+00:00,2026-08-14T17:58:58.149608+00:00,524,0.0524,0.9478,0.0522,0.0,0.0,0.0,0.0,0.0,0.0522,0,0.0,78.25233299990941,131.81837499996618,165.743625000232,603.3884424544718,0.0,results/phase_a_services/baseline/f11-transient-payment-failure-recovery/758cacc3-af16-41e2-8069-3c20bb4593fc/rep-0001/summary.csv
baseline,f11-transient-payment-failure-recovery,services,0.05,10000,50,2,2026191401,2026-08-14T17:58:58.607668+00:00,2026-08-14T17:59:14.536505+00:00,492,0.0492,0.9508,0.0492,0.0,0.0,0.0,0.0,0.0,0.0492,0,0.0,75.52272900011303,121.98487500018018,149.95649999991656,627.8388814121197,0.0,results/phase_a_services/baseline/f11-transient-payment-failure-recovery/93d7235a-fc29-4d8d-81c9-4185cc611474/rep-0002/summary.csv
baseline,f11-transient-payment-failure-recovery,services,0.05,10000,50,3,2026191402,2026-08-14T17:59:14.930088+00:00,2026-08-14T17:59:30.669978+00:00,467,0.0467,0.9533,0.0467,0.0,0.0,0.0,0.0,0.0,0.0467,0,0.0,74.68895800002429,121.98591700007455,151.33212499995352,635.3701946316834,0.0,results/phase_a_services/baseline/f11-transient-payment-failure-recovery/070cdfac-d0e7-4adc-9b9d-bbecdf5a4d88/rep-0003/summary.csv
baseline,f11-transient-payment-failure-recovery,services,0.05,10000,50,4,2026191403,2026-08-14T17:59:31.082550+00:00,2026-08-14T17:59:46.689136+00:00,478,0.0478,0.9522,0.0478,0.0,0.0,0.0,0.0,0.0,0.0478,0,0.0,73.35304149978583,122.51529100012704,153.0319169996801,640.8045685841254,0.0,results/phase_a_services/baseline/f11-transient-payment-failure-recovery/97b72fde-894b-4df5-9bf3-97cf1644c92e/rep-0004/summary.csv
baseline,f11-transient-payment-failure-recovery,services,0.05,10000,50,5,2026191404,2026-08-14T17:59:47.082172+00:00,2026-08-14T18:00:02.637369+00:00,510,0.051,0.949,0.051,0.0,0.0,0.0,0.0,0.0,0.051,0,0.0,73.23827099980917,120.26016700019682,148.91720900004657,642.9150091986378,0.0,results/phase_a_services/baseline/f11-transient-payment-failure-recovery/fef575c1-cb10-40f9-87ac-086dfcf5a8a8/rep-0005/summary.csv
resilient,f11-transient-payment-failure-recovery,services,0.05,10000,50,1,2026191400,2026-08-14T18:00:03.038273+00:00,2026-08-14T18:00:29.081287+00:00,524,0.0524,0.9478,0.0,0.0,0.0522,0.0,0.0,0.0,0.0,0,0.0,124.32662500009428,201.16545900009442,241.80787500017686,383.99712893026896,0.0,results/phase_a_services/resilient/f11-transient-payment-failure-recovery/edd5e28d-a7d3-4e9c-9122-612a5d27fd13/rep-0001/summary.csv
resilient,f11-transient-payment-failure-recovery,services,0.05,10000,50,2,2026191401,2026-08-14T18:00:29.462690+00:00,2026-08-14T18:00:55.049968+00:00,492,0.0492,0.9508,0.0,0.0,0.0492,0.0,0.0,0.0,0.0,0,0.0,122.24222949998875,195.9040830001868,236.364291999962,390.8377202994658,0.0,results/phase_a_services/resilient/f11-transient-payment-failure-recovery/bb7e8cbd-1183-435e-900d-be5c437af86e/rep-0002/summary.csv
resilient,f11-transient-payment-failure-recovery,services,0.05,10000,50,3,2026191402,2026-08-14T18:00:55.430334+00:00,2026-08-14T18:01:21.104883+00:00,467,0.0467,0.9533,0.0,0.0,0.0467,0.0,0.0,0.0,0.0,0,0.0,122.43120850007472,197.77925000016694,241.3902500002223,389.5080280489077,0.0,results/phase_a_services/resilient/f11-transient-payment-failure-recovery/9c5809b4-e9c4-41c3-a8ff-2754374d6ae4/rep-0003/summary.csv
resilient,f11-transient-payment-failure-recovery,services,0.05,10000,50,4,2026191403,2026-08-14T18:01:21.591172+00:00,2026-08-14T18:20:01.529471+00:00,478,0.0478,0.9479,0.0031,0.0,0.049,0.0,0.0,0.0,0.0,0,0.0,135.89041650016043,280.2326669998365,368.60829099987313,329.56236947450753,0.0,results/phase_a_services/resilient/f11-transient-payment-failure-recovery/c99aa7c2-a512-4953-aa4b-ae5c9bdd17be/rep-0004/summary.csv
resilient,f11-transient-payment-failure-recovery,services,0.05,10000,50,5,2026191404,2026-08-14T18:20:01.904814+00:00,2026-08-14T18:20:23.818809+00:00,510,0.051,0.949,0.0,0.0,0.051,0.0,0.0,0.0,0.0,0,0.0,104.46639599990704,169.48150000007445,215.7895830000598,456.37059291741843,0.0,results/phase_a_services/resilient/f11-transient-payment-failure-recovery/51e5eb3e-9b74-4292-9f51-c71e91cd15d3/rep-0005/summary.csv
baseline,f12-compensation-failure-retry,services,0.05,10000,50,1,2026201400,2026-08-14T18:20:24.190545+00:00,2026-08-14T18:20:36.831531+00:00,461,0.0461,0.9539,0.0461,0.0,0.0,0.0,0.0,0.0,0.0461,0,0.0,59.89175000013347,96.49720900006287,120.3304579998985,791.1513753538574,0.0,results/phase_a_services/baseline/f12-compensation-failure-retry/f22f400b-8313-464d-b38a-1de3b76c93a4/rep-0001/summary.csv
baseline,f12-compensation-failure-retry,services,0.05,10000,50,2,2026201401,2026-08-14T18:20:37.167779+00:00,2026-08-14T18:20:49.991031+00:00,481,0.0481,0.9519,0.0481,0.0,0.0,0.0,0.0,0.0,0.0481,0,0.0,60.300687999870206,98.78087500010224,122.53733300030945,779.8945372014244,0.0,results/phase_a_services/baseline/f12-compensation-failure-retry/da229184-e22e-4d12-b056-73ea559895a5/rep-0002/summary.csv
baseline,f12-compensation-failure-retry,services,0.05,10000,50,3,2026201402,2026-08-14T18:20:50.328710+00:00,2026-08-14T18:21:04.078815+00:00,506,0.0506,0.9494,0.0506,0.0,0.0,0.0,0.0,0.0,0.0506,0,0.0,63.51054150013624,112.31945800000176,157.88079200001448,727.3324501006518,0.0,results/phase_a_services/baseline/f12-compensation-failure-retry/e9924574-8a89-402c-9f36-558cef1b96b5/rep-0003/summary.csv
baseline,f12-compensation-failure-retry,services,0.05,10000,50,4,2026201403,2026-08-14T18:21:04.501887+00:00,2026-08-14T18:21:18.426096+00:00,478,0.0478,0.9522,0.0478,0.0,0.0,0.0,0.0,0.0,0.0478,0,0.0,63.67122950018711,118.14608299982865,160.26675000011892,718.2329859531483,0.0,results/phase_a_services/baseline/f12-compensation-failure-retry/60b27fb1-4a47-4e4c-9104-630633b99337/rep-0004/summary.csv
baseline,f12-compensation-failure-retry,services,0.05,10000,50,5,2026201404,2026-08-14T18:21:18.787228+00:00,2026-08-14T18:21:33.387786+00:00,512,0.0512,0.9488,0.0512,0.0,0.0,0.0,0.0,0.0,0.0512,0,0.0,65.87027099999432,127.0404580000104,183.21983299983913,684.949760432027,0.0,results/phase_a_services/baseline/f12-compensation-failure-retry/5107ff0d-2ffb-4c8c-b09a-a9fe7303efd0/rep-0005/summary.csv
resilient,f12-compensation-failure-retry,services,0.05,10000,50,1,2026201400,2026-08-14T18:21:33.797528+00:00,2026-08-14T18:21:58.406485+00:00,461,0.0461,0.9539,0.0,0.0,0.0461,0.0,0.0,0.0,0.0,461,0.0461,116.26941699978488,194.93016700016597,247.5155829997675,406.3732106697576,0.0,results/phase_a_services/resilient/f12-compensation-failure-retry/4b8700d9-003f-4c0c-aacf-e7135198204b/rep-0001/summary.csv
resilient,f12-compensation-failure-retry,services,0.05,10000,50,2,2026201401,2026-08-14T18:21:58.802877+00:00,2026-08-14T18:22:23.206983+00:00,481,0.0481,0.9519,0.0,0.0,0.0481,0.0,0.0,0.0,0.0,481,0.0481,114.58452100009708,191.33224999995946,252.96212499961257,409.7870555793438,0.0,results/phase_a_services/resilient/f12-compensation-failure-retry/37c2c071-346e-47a1-922c-fdedece4a4c4/rep-0002/summary.csv
resilient,f12-compensation-failure-retry,services,0.05,10000,50,3,2026201402,2026-08-14T18:22:23.593926+00:00,2026-08-14T18:22:47.173596+00:00,506,0.0506,0.9494,0.0,0.0,0.0506,0.0,0.0,0.0,0.0,506,0.0506,111.28022949992555,186.81804100015142,237.39420900028563,424.1120156940443,0.0,results/phase_a_services/resilient/f12-compensation-failure-retry/5e5e229e-7450-4e58-a5ac-016db1cb12e4/rep-0003/summary.csv
resilient,f12-compensation-failure-retry,services,0.05,10000,50,4,2026201403,2026-08-14T18:22:47.517446+00:00,2026-08-14T18:23:11.417805+00:00,478,0.0478,0.9522,0.0,0.0,0.0478,0.0,0.0,0.0,0.0,478,0.0478,113.28422900010082,188.67304199966384,237.29837500013673,418.4223253374075,0.0,results/phase_a_services/resilient/f12-compensation-failure-retry/a20eb20f-40a7-4d16-b0d5-02f453d197ab/rep-0004/summary.csv
resilient,f12-compensation-failure-retry,services,0.05,10000,50,5,2026201404,2026-08-14T18:23:11.808383+00:00,2026-08-14T18:23:35.513858+00:00,512,0.0512,0.9488,0.0,0.0,0.0512,0.0,0.0,0.0,0.0,512,0.0512,111.99754149993169,188.67904199987606,252.40320800003246,421.8607465507474,0.0,results/phase_a_services/resilient/f12-compensation-failure-retry/25decc1b-b86b-4057-a4d5-aa27bba29874/rep-0005/summary.csv
baseline,f2-order-http-500,services,0.05,10000,50,1,2026101400,2026-08-14T07:13:27.080164+00:00,2026-08-14T07:13:41.771239+00:00,487,0.0487,0.9513,0.0487,0.0,0.0,0.0,0.0,0.0,0.0,0,0.0,69.61981250000804,113.54862500002127,141.430583999977,680.7395828103754,0.0,results/phase_a_services/baseline/f2-order-http-500/2ef16873-a8ec-4a78-ae01-157b787a0586/rep-0001/summary.csv
baseline,f2-order-http-500,services,0.05,10000,50,2,2026101401,2026-08-14T07:13:42.163544+00:00,2026-08-14T07:13:56.593297+00:00,509,0.0509,0.9491,0.0509,0.0,0.0,0.0,0.0,0.0,0.0,0,0.0,68.51197949998777,111.68404099998952,139.7705830000291,693.0677503554222,0.0,results/phase_a_services/baseline/f2-order-http-500/e12c99f4-780e-45b7-bab5-c8a7feb420d4/rep-0002/summary.csv
baseline,f2-order-http-500,services,0.05,10000,50,3,2026101402,2026-08-14T07:13:57.016971+00:00,2026-08-14T07:14:11.609397+00:00,486,0.0486,0.9514,0.0486,0.0,0.0,0.0,0.0,0.0,0.0,0,0.0,68.71133350000491,114.97220899997274,144.52808300001152,685.3467244909392,0.0,results/phase_a_services/baseline/f2-order-http-500/0dc182f2-55e9-43a5-86ca-35a86276db5d/rep-0003/summary.csv
baseline,f2-order-http-500,services,0.05,10000,50,4,2026101403,2026-08-14T07:14:12.004144+00:00,2026-08-14T07:14:26.574303+00:00,516,0.0516,0.9484,0.0516,0.0,0.0,0.0,0.0,0.0,0.0,0,0.0,68.6604169999896,113.17670900001531,140.42283300000236,686.3874494349201,0.0,results/phase_a_services/baseline/f2-order-http-500/2d18be54-a206-42ac-ac45-8a7a7a8282ad/rep-0004/summary.csv
baseline,f2-order-http-500,services,0.05,10000,50,5,2026101404,2026-08-14T07:14:26.970423+00:00,2026-08-14T07:14:41.732722+00:00,512,0.0512,0.9488,0.0512,0.0,0.0,0.0,0.0,0.0,0.0,0,0.0,69.30218700000523,115.16908300001205,145.97454099998686,677.4660417794056,0.0,results/phase_a_services/baseline/f2-order-http-500/189e4533-5b8a-4de0-ae48-67cd1d3641aa/rep-0005/summary.csv
resilient,f2-order-http-500,services,0.05,10000,50,1,2026101400,2026-08-14T07:14:42.157606+00:00,2026-08-14T07:15:06.821687+00:00,487,0.0487,0.9513,0.0487,0.0,0.0,0.0,0.0,0.0,0.0,0,0.0,118.13562499997943,190.7096659999752,229.303625,405.46750562504036,0.0,results/phase_a_services/resilient/f2-order-http-500/e579b0aa-cc27-4365-8e1b-fe17f87d9b41/rep-0001/summary.csv
resilient,f2-order-http-500,services,0.05,10000,50,2,2026101401,2026-08-14T07:15:07.240677+00:00,2026-08-14T07:15:32.133519+00:00,509,0.0509,0.9491,0.0509,0.0,0.0,0.0,0.0,0.0,0.0,0,0.0,119.54885349999245,193.2257920000211,233.9719999999943,401.742700247195,0.0,results/phase_a_services/resilient/f2-order-http-500/26eb00e7-8190-4d1a-a5fe-c428f4b12e02/rep-0002/summary.csv
resilient,f2-order-http-500,services,0.05,10000,50,3,2026101402,2026-08-14T07:15:32.524028+00:00,2026-08-14T07:15:57.615426+00:00,486,0.0486,0.9514,0.0486,0.0,0.0,0.0,0.0,0.0,0.0,0,0.0,119.93297899999789,195.08920800001306,236.97924999999032,398.56212337000295,0.0,results/phase_a_services/resilient/f2-order-http-500/78d329a6-2926-4d1e-b632-7a8a31f71549/rep-0003/summary.csv
resilient,f2-order-http-500,services,0.05,10000,50,4,2026101403,2026-08-14T07:15:58.004065+00:00,2026-08-14T07:16:23.123465+00:00,516,0.0516,0.9484,0.0516,0.0,0.0,0.0,0.0,0.0,0.0,0,0.0,120.16916650003395,194.67791600004603,235.41775000001053,398.11862474917524,0.0,results/phase_a_services/resilient/f2-order-http-500/7aba70a0-cf5d-47ea-8266-bb1ed8c33b04/rep-0004/summary.csv
resilient,f2-order-http-500,services,0.05,10000,50,5,2026101404,2026-08-14T07:16:23.535164+00:00,2026-08-14T07:16:48.875263+00:00,512,0.0512,0.9488,0.0512,0.0,0.0,0.0,0.0,0.0,0.0,0,0.0,121.71602099994061,194.64862500001345,234.30262499994114,394.64969981141957,0.0,results/phase_a_services/resilient/f2-order-http-500/f09e0d74-2516-490e-8b28-3aba24027de9/rep-0005/summary.csv
baseline,f3-payment-http-500,services,0.05,10000,50,1,2026111400,2026-08-14T07:16:49.267637+00:00,2026-08-14T07:17:05.096363+00:00,482,0.0482,0.9518,0.0482,0.0,0.0,0.0,0.0,0.0,0.0482,0,0.0,74.64493750001111,122.99758299991481,152.04849999997805,631.8138940022784,0.0,results/phase_a_services/baseline/f3-payment-http-500/79a2d3ed-5816-40b2-877f-7ea12bc54303/rep-0001/summary.csv
baseline,f3-payment-http-500,services,0.05,10000,50,2,2026111401,2026-08-14T07:17:05.536707+00:00,2026-08-14T07:17:21.197096+00:00,494,0.0494,0.9506,0.0494,0.0,0.0,0.0,0.0,0.0,0.0494,0,0.0,74.21497950002731,121.74295799991341,150.4322079999838,638.6065604850212,0.0,results/phase_a_services/baseline/f3-payment-http-500/77f6442a-b1a4-4c20-8cd7-2bda55e66d3d/rep-0002/summary.csv
baseline,f3-payment-http-500,services,0.05,10000,50,3,2026111402,2026-08-14T07:17:21.622273+00:00,2026-08-14T07:17:37.277318+00:00,525,0.0525,0.9475,0.0525,0.0,0.0,0.0,0.0,0.0,0.0525,0,0.0,74.18118750001668,121.21899999999641,152.8774580000345,638.8218983105925,0.0,results/phase_a_services/baseline/f3-payment-http-500/3c777c55-94af-457e-aeae-2eb48ad2ff6a/rep-0003/summary.csv
baseline,f3-payment-http-500,services,0.05,10000,50,4,2026111403,2026-08-14T07:17:37.720977+00:00,2026-08-14T07:17:53.978887+00:00,507,0.0507,0.9493,0.0507,0.0,0.0,0.0,0.0,0.0,0.0507,0,0.0,76.81408349998264,126.7281659999071,161.53174999999464,615.1290797115039,0.0,results/phase_a_services/baseline/f3-payment-http-500/3ffe0fda-5bbd-4e9c-90e9-7f0fd8d435cb/rep-0004/summary.csv
baseline,f3-payment-http-500,services,0.05,10000,50,5,2026111404,2026-08-14T07:17:54.407028+00:00,2026-08-14T07:18:10.703718+00:00,549,0.0549,0.9451,0.0549,0.0,0.0,0.0,0.0,0.0,0.0549,0,0.0,76.72920849995535,125.95762499995544,159.02362500003164,613.6629791760523,0.0,results/phase_a_services/baseline/f3-payment-http-500/d9170580-3a3e-45fb-ab66-fceba9674c71/rep-0005/summary.csv
resilient,f3-payment-http-500,services,0.05,10000,50,1,2026111400,2026-08-14T07:18:11.150762+00:00,2026-08-14T07:18:38.248605+00:00,482,0.0482,0.9518,0.0,0.0,0.0482,0.0,0.0,0.0,0.0,0,0.0,128.49591650001457,213.29470900002434,265.15408399995977,369.0500136440099,0.0,results/phase_a_services/resilient/f3-payment-http-500/6b0f5130-ea4c-4edd-9fe3-e26ba06996ba/rep-0001/summary.csv
resilient,f3-payment-http-500,services,0.05,10000,50,2,2026111401,2026-08-14T07:18:38.757494+00:00,2026-08-14T07:19:05.946628+00:00,494,0.0494,0.9506,0.0,0.0,0.0494,0.0,0.0,0.0,0.0,0,0.0,129.66297899998835,211.39749999997548,261.1215419999553,367.8116748317483,0.0,results/phase_a_services/resilient/f3-payment-http-500/d94f3a65-0433-4077-ae53-eb3245ca04b1/rep-0002/summary.csv
resilient,f3-payment-http-500,services,0.05,10000,50,3,2026111402,2026-08-14T07:19:06.437725+00:00,2026-08-14T07:19:34.629497+00:00,525,0.0525,0.9475,0.0,0.0,0.0525,0.0,0.0,0.0,0.0,0,0.0,134.87364599996,217.62999999998556,264.9861669999609,354.7344173730808,0.0,results/phase_a_services/resilient/f3-payment-http-500/51b4c027-6311-49c3-993a-53c61f822c28/rep-0003/summary.csv
resilient,f3-payment-http-500,services,0.05,10000,50,4,2026111403,2026-08-14T07:19:35.106937+00:00,2026-08-14T07:20:02.705530+00:00,507,0.0507,0.9493,0.0,0.0,0.0507,0.0,0.0,0.0,0.0,0,0.0,131.87429149996888,214.15508299992325,256.47304199992504,362.3539665955675,0.0,results/phase_a_services/resilient/f3-payment-http-500/605658c4-9468-40f5-9542-7fdd8e19088c/rep-0004/summary.csv
resilient,f3-payment-http-500,services,0.05,10000,50,5,2026111404,2026-08-14T07:20:03.133351+00:00,2026-08-14T07:20:29.678317+00:00,549,0.0549,0.9451,0.0,0.0,0.0549,0.0,0.0,0.0,0.0,0,0.0,126.6539585000146,206.07337499995992,245.96970800007512,376.73613845882,0.0,results/phase_a_services/resilient/f3-payment-http-500/df4cceba-5086-4e50-a45b-b0d287556ab8/rep-0005/summary.csv
baseline,f4-payment-timeout-before-side-effect,services,0.05,10000,50,1,2026121400,2026-08-14T07:20:30.084004+00:00,2026-08-14T07:20:46.513289+00:00,527,0.0527,0.9473,0.0527,0.0,0.0,0.0,0.0,0.0,0.0527,0,0.0,53.00272950000817,524.0642919999345,562.5798340000756,608.7231519039537,0.0,results/phase_a_services/baseline/f4-payment-timeout-before-side-effect/6e705f44-bc57-4a2a-858d-e2c6cfd3adab/rep-0001/summary.csv
baseline,f4-payment-timeout-before-side-effect,services,0.05,10000,50,2,2026121401,2026-08-14T07:20:46.854995+00:00,2026-08-14T07:21:02.776314+00:00,464,0.0464,0.9536,0.0464,0.0,0.0,0.0,0.0,0.0,0.0464,0,0.0,53.40939600000638,123.91587500007972,560.6982499999731,628.1240649766745,0.0,results/phase_a_services/baseline/f4-payment-timeout-before-side-effect/b6392346-a346-4112-aea1-dd3066446231/rep-0002/summary.csv
baseline,f4-payment-timeout-before-side-effect,services,0.05,10000,50,3,2026121402,2026-08-14T07:21:03.099844+00:00,2026-08-14T07:21:18.856343+00:00,475,0.0475,0.9525,0.0475,0.0,0.0,0.0,0.0,0.0,0.0475,0,0.0,51.409354000043095,115.26258399999278,559.1678749999573,634.7111248381489,0.0,results/phase_a_services/baseline/f4-payment-timeout-before-side-effect/86abdaf8-f47f-4ef3-8a2c-bbcc3824dcbe/rep-0003/summary.csv
baseline,f4-payment-timeout-before-side-effect,services,0.05,10000,50,4,2026121403,2026-08-14T07:21:19.193507+00:00,2026-08-14T07:21:34.737328+00:00,490,0.049,0.951,0.049,0.0,0.0,0.0,0.0,0.0,0.049,0,0.0,49.315645500030314,164.28316600001835,559.04237499999,643.2827611457253,0.0,results/phase_a_services/baseline/f4-payment-timeout-before-side-effect/742b6e37-88b7-415d-80d6-ee7109754056/rep-0004/summary.csv
baseline,f4-payment-timeout-before-side-effect,services,0.05,10000,50,5,2026121404,2026-08-14T18:45:25.259741+00:00,2026-08-14T18:45:38.165779+00:00,489,0.0489,0.9511,0.0489,0.0,0.0,0.0,0.0,0.0,0.0489,0,0.0,37.73591650000019,146.78975,541.3352089999996,774.9028895127808,0.0,results/phase_a_services_reruns/baseline/f4-payment-timeout-before-side-effect/961d30b6-245a-472c-8b02-370abc4c0952/rep-0005/summary.csv
resilient,f4-payment-timeout-before-side-effect,services,0.05,10000,50,1,2026121400,2026-08-14T07:39:07.897179+00:00,2026-08-14T09:20:42.170651+00:00,527,0.0527,0.9419,0.0038,0.0,0.0543,0.0,0.0,0.0,0.0,0,0.0,126.91679149992297,1568.8959169999634,1723.1696249999686,229.48657952793974,0.0,results/phase_a_services/resilient/f4-payment-timeout-before-side-effect/22068f7a-a226-4e1f-8a65-7830263cf0aa/rep-0001/summary.csv
resilient,f4-payment-timeout-before-side-effect,services,0.05,10000,50,2,2026121401,2026-08-14T09:22:30.329955+00:00,2026-08-14T10:12:57.824970+00:00,464,0.0464,0.952,0.001,0.0,0.047,0.0,0.0,0.0,0.0,0,0.0,97.27460449994396,382.1162080000704,1671.4087919999656,282.7062558141406,0.0,results/phase_a_services/resilient/f4-payment-timeout-before-side-effect/471c1acb-ac1d-45f2-8e24-430c95209275/rep-0002/summary.csv
resilient,f4-payment-timeout-before-side-effect,services,0.05,10000,50,3,2026121402,2026-08-14T10:12:58.168605+00:00,2026-08-14T12:09:24.725546+00:00,475,0.0475,0.9455,0.0054,0.0,0.0491,0.0,0.0,0.0,0.0001,0,0.0,115.55137499999546,630.2709169999616,1709.6056670000053,253.20171671776689,0.0,results/phase_a_services/resilient/f4-payment-timeout-before-side-effect/d929f7d6-c801-4e24-bf8f-a3d35f5cf577/rep-0003/summary.csv
resilient,f4-payment-timeout-before-side-effect,services,0.05,10000,50,4,2026121403,2026-08-14T12:09:25.077364+00:00,2026-08-14T13:49:55.156292+00:00,490,0.049,0.9454,0.0051,0.0,0.0495,0.0,0.0,0.0,0.0001,1,0.0001,122.04277099999672,368.2411659999616,1709.10487499998,235.93741488742072,0.0,results/phase_a_services/resilient/f4-payment-timeout-before-side-effect/1e0f0950-e3fa-402a-8929-d73307ceedc0/rep-0004/summary.csv
resilient,f4-payment-timeout-before-side-effect,services,0.05,10000,50,5,2026121404,2026-08-14T18:46:11.018846+00:00,2026-08-14T18:46:35.721349+00:00,489,0.0489,0.9511,0.0,0.0,0.0489,0.0,0.0,0.0,0.0,0,0.0,42.66185350000118,138.93662500000002,1571.93075,404.8359065968669,0.0,results/phase_a_services_reruns/resilient/f4-payment-timeout-before-side-effect/0433cc1a-22cb-4ce9-8187-7560122a7d99/rep-0005/summary.csv
baseline,f5-payment-succeeds-response-lost,services,0.05,10000,50,1,2026131400,2026-08-14T15:03:12.035062+00:00,2026-08-14T15:03:25.413694+00:00,491,0.0491,0.9509,0.0491,0.0,0.0,0.0,0.0,0.0,0.0491,0,0.0,38.92977099997097,95.56804199996805,543.2764580000367,747.662841024346,0.0,results/phase_a_services/baseline/f5-payment-succeeds-response-lost/aa8225b1-1904-484d-a347-e1fc74f4c0a3/rep-0001/summary.csv
baseline,f5-payment-succeeds-response-lost,services,0.05,10000,50,2,2026131401,2026-08-14T15:03:25.748492+00:00,2026-08-14T15:03:38.870700+00:00,524,0.0524,0.9476,0.0524,0.0,0.0,0.0,0.0,0.0,0.0524,0,0.0,35.60537500004557,521.8778339999517,542.0540000000074,762.1952792701911,0.0,results/phase_a_services/baseline/f5-payment-succeeds-response-lost/76adfa40-a46e-4bd7-8f0a-4ca0b88b0d75/rep-0002/summary.csv
baseline,f5-payment-succeeds-response-lost,services,0.05,10000,50,3,2026131402,2026-08-14T15:03:39.199283+00:00,2026-08-14T15:03:52.257328+00:00,476,0.0476,0.9524,0.0476,0.0,0.0,0.0,0.0,0.0,0.0476,0,0.0,37.686520999955064,151.01974999993217,546.0565419998602,765.90559498017,0.0,results/phase_a_services/baseline/f5-payment-succeeds-response-lost/1e6e24b0-1655-4e1b-9d5c-a1b1c631aabd/rep-0003/summary.csv
baseline,f5-payment-succeeds-response-lost,services,0.05,10000,50,4,2026131403,2026-08-14T15:03:52.609473+00:00,2026-08-14T15:04:05.957324+00:00,504,0.0504,0.9496,0.0504,0.0,0.0,0.0,0.0,0.0,0.0504,0,0.0,38.06029199995464,517.6999170000727,545.3424999998333,749.259104462828,0.0,results/phase_a_services/baseline/f5-payment-succeeds-response-lost/44904fd6-ca4c-45f4-96bf-dba7d00da276/rep-0004/summary.csv
baseline,f5-payment-succeeds-response-lost,services,0.05,10000,50,5,2026131404,2026-08-14T15:04:06.339707+00:00,2026-08-14T15:04:19.295151+00:00,515,0.0515,0.9485,0.0515,0.0,0.0,0.0,0.0,0.0,0.0515,0,0.0,35.987708499988,518.1869160001042,541.9731249999131,771.9461715373118,0.0,results/phase_a_services/baseline/f5-payment-succeeds-response-lost/4c883233-29eb-474b-855a-f29c90142185/rep-0005/summary.csv
resilient,f5-payment-succeeds-response-lost,services,0.05,10000,50,1,2026131400,2026-08-14T15:04:19.642082+00:00,2026-08-14T15:04:44.213672+00:00,491,0.0491,1.0,0.0,0.0,0.0,0.0,0.0,0.0,0.0,0,0.0,40.68987499999821,121.97229100002005,1567.0416660000228,406.9908637520787,0.0,results/phase_a_services/resilient/f5-payment-succeeds-response-lost/b4dd0c35-f7a5-4d21-bb43-570abd78d5d2/rep-0001/summary.csv
resilient,f5-payment-succeeds-response-lost,services,0.05,10000,50,2,2026131401,2026-08-14T15:04:44.580782+00:00,2026-08-14T15:05:10.360437+00:00,524,0.0524,1.0,0.0,0.0,0.0,0.0,0.0,0.0,0.0,0,0.0,41.7022914999734,1538.5492919999706,1565.4507499998545,387.91882298213676,0.0,results/phase_a_services/resilient/f5-payment-succeeds-response-lost/e3fbac76-266a-40aa-aa34-dbc62118781d/rep-0002/summary.csv
resilient,f5-payment-succeeds-response-lost,services,0.05,10000,50,3,2026131402,2026-08-14T15:05:10.683755+00:00,2026-08-14T15:05:35.063507+00:00,476,0.0476,1.0,0.0,0.0,0.0,0.0,0.0,0.0,0.0,0,0.0,43.399874499982616,110.6927910000195,1567.8871249999702,410.19261864857225,0.0,results/phase_a_services/resilient/f5-payment-succeeds-response-lost/b30032ab-d315-4995-a547-12e134dd3368/rep-0003/summary.csv
resilient,f5-payment-succeeds-response-lost,services,0.05,10000,50,4,2026131403,2026-08-14T15:05:35.430733+00:00,2026-08-14T15:06:00.237106+00:00,504,0.0504,1.0,0.0,0.0,0.0,0.0,0.0,0.0,0.0,0,0.0,39.94554149994656,1531.8671249999625,1565.507332999914,403.1384171128337,0.0,results/phase_a_services/resilient/f5-payment-succeeds-response-lost/ff9fcd06-0f4f-4797-b365-0a5b77cd6741/rep-0004/summary.csv
resilient,f5-payment-succeeds-response-lost,services,0.05,10000,50,5,2026131404,2026-08-14T15:06:00.564199+00:00,2026-08-14T15:06:25.561998+00:00,515,0.0515,1.0,0.0,0.0,0.0,0.0,0.0,0.0,0.0,0,0.0,39.59614600000805,1533.8473330000397,1563.185833000034,400.0475503239125,0.0,results/phase_a_services/resilient/f5-payment-succeeds-response-lost/defdaa10-35b8-446b-9fd7-4002655c1463/rep-0005/summary.csv
baseline,f6-order-succeeds-response-lost,services,0.05,10000,50,1,2026141400,2026-08-14T15:06:25.882830+00:00,2026-08-14T15:06:39.046680+00:00,499,0.0499,0.9501,0.0499,0.0,0.0,0.0,0.0,0.0,0.0499,0,0.0,38.44197900002655,121.05212500000562,534.86437499987,759.711241588175,0.0,results/phase_a_services/baseline/f6-order-succeeds-response-lost/8a557aff-5a7c-4a8b-8bcf-71aa7370b42c/rep-0001/summary.csv
baseline,f6-order-succeeds-response-lost,services,0.05,10000,50,2,2026141401,2026-08-14T15:06:39.373196+00:00,2026-08-14T15:06:52.806222+00:00,499,0.0499,0.9501,0.0499,0.0,0.0,0.0,0.0,0.0,0.0499,0,0.0,39.37762499992914,105.62870900002963,534.8972499998581,744.4964796312024,0.0,results/phase_a_services/baseline/f6-order-succeeds-response-lost/0cb99384-95c0-4878-8e3a-918bf9292d91/rep-0002/summary.csv
baseline,f6-order-succeeds-response-lost,services,0.05,10000,50,3,2026141402,2026-08-14T15:06:53.150024+00:00,2026-08-14T15:07:06.638215+00:00,483,0.0483,0.9517,0.0483,0.0,0.0,0.0,0.0,0.0,0.0483,0,0.0,40.31002100009573,100.89841700005309,536.7665000001125,741.4373669513351,0.0,results/phase_a_services/baseline/f6-order-succeeds-response-lost/f3e08c08-b979-4144-a020-b3b1020f5321/rep-0003/summary.csv
baseline,f6-order-succeeds-response-lost,services,0.05,10000,50,4,2026141403,2026-08-14T18:48:07.101163+00:00,2026-08-14T18:48:20.066925+00:00,542,0.0542,0.9458,0.0542,0.0,0.0,0.0,0.0,0.0,0.0542,0,0.0,34.06554150000041,516.4917499999999,532.3115830000003,771.3313739941375,0.0,results/phase_a_services_reruns/baseline/f6-order-succeeds-response-lost/b1a648f8-92ce-4464-8b7b-8f41d8dead8e/rep-0004/summary.csv
baseline,f6-order-succeeds-response-lost,services,0.05,10000,50,5,2026141404,2026-08-14T18:48:32.513200+00:00,2026-08-14T18:48:45.387173+00:00,487,0.0487,0.9513,0.0487,0.0,0.0,0.0,0.0,0.0,0.0487,0,0.0,37.492187499999524,95.42887499999964,533.0450000000004,776.8292750074246,0.0,results/phase_a_services_reruns/baseline/f6-order-succeeds-response-lost/527ed580-805d-4ef2-b75c-ba9cde6f2f64/rep-0005/summary.csv
resilient,f6-order-succeeds-response-lost,services,0.05,10000,50,1,2026141400,2026-08-14T15:26:01.846717+00:00,2026-08-14T15:40:23.955296+00:00,499,0.0499,0.9997,0.0003,0.0,0.0,0.0,0.0,0.0,0.0,0,0.0,56.61960400004773,440.527917000054,1610.3535000002012,333.5353260290206,0.0,results/phase_a_services/resilient/f6-order-succeeds-response-lost/75346527-c199-4241-9086-1880f7298edb/rep-0001/summary.csv
resilient,f6-order-succeeds-response-lost,services,0.05,10000,50,2,2026141401,2026-08-14T15:40:24.322718+00:00,2026-08-14T15:40:48.675934+00:00,499,0.0499,1.0,0.0,0.0,0.0,0.0,0.0,0.0,0.0,0,0.0,39.12137499992241,135.43941700004325,1560.1082499999848,410.5204738670687,0.0,results/phase_a_services/resilient/f6-order-succeeds-response-lost/bef26813-d0e4-4862-9284-3b237daa5e1d/rep-0002/summary.csv
resilient,f6-order-succeeds-response-lost,services,0.05,10000,50,3,2026141402,2026-08-14T15:40:48.999830+00:00,2026-08-14T15:41:13.095711+00:00,483,0.0483,1.0,0.0,0.0,0.0,0.0,0.0,0.0,0.0,0,0.0,41.68683399996098,102.7730830001019,1565.2615000001333,414.9939793970304,0.0,results/phase_a_services/resilient/f6-order-succeeds-response-lost/859a023b-927f-4113-ab5f-fc7336963215/rep-0003/summary.csv
resilient,f6-order-succeeds-response-lost,services,0.05,10000,50,4,2026141403,2026-08-14T15:41:13.414769+00:00,2026-08-14T15:41:38.399645+00:00,542,0.0542,1.0,0.0,0.0,0.0,0.0,0.0,0.0,0.0,0,0.0,36.42858300008811,1532.7063749998615,1558.286083999974,400.2468188769767,0.0,results/phase_a_services/resilient/f6-order-succeeds-response-lost/0e409d90-347e-4904-b913-ecb00499bb90/rep-0004/summary.csv
resilient,f6-order-succeeds-response-lost,services,0.05,10000,50,5,2026141404,2026-08-14T15:41:38.711484+00:00,2026-08-14T15:42:03.099056+00:00,487,0.0487,1.0,0.0,0.0,0.0,0.0,0.0,0.0,0.0,0,0.0,41.299000000094566,101.25524999989466,1562.6612080000086,410.0538702916798,0.0,results/phase_a_services/resilient/f6-order-succeeds-response-lost/5b024946-7f62-417e-9d66-19f3e7b6d45a/rep-0005/summary.csv
baseline,f7-duplicate-transaction-request,services,0.05,10000,50,1,2026151400,2026-08-14T15:42:03.429932+00:00,2026-08-14T15:42:29.467140+00:00,10000,0.5,1.0,0.0,0.0,0.0,0.0,0.0,0.0,0.0,0,0.0,61.515583500067805,101.46808299987242,127.11041599982309,768.1524407638221,0.0,results/phase_a_services/baseline/f7-duplicate-transaction-request/64282dcd-ad40-4992-9267-076f4181d93c/rep-0001/summary.csv
baseline,f7-duplicate-transaction-request,services,0.05,10000,50,2,2026151401,2026-08-14T15:42:30.111414+00:00,2026-08-14T15:42:56.001772+00:00,10000,0.5,1.0,0.0,0.0,0.0,0.0,0.0,0.0,0.0,0,0.0,61.359208499993656,98.98512500012657,126.31179200002407,772.5077035895418,0.0,results/phase_a_services/baseline/f7-duplicate-transaction-request/173fd738-2c60-444b-8810-43428e8b5d3c/rep-0002/summary.csv
baseline,f7-duplicate-transaction-request,services,0.05,10000,50,3,2026151402,2026-08-14T15:42:56.600973+00:00,2026-08-14T15:43:22.108950+00:00,10000,0.5,1.0,0.0,0.0,0.0,0.0,0.0,0.0,0.0,0,0.0,60.37704149991896,98.14866700003222,123.81941700004973,784.087776237906,0.0,results/phase_a_services/baseline/f7-duplicate-transaction-request/84d43d49-b9ea-4d55-8f65-53c80b85f874/rep-0003/summary.csv
baseline,f7-duplicate-transaction-request,services,0.05,10000,50,4,2026151403,2026-08-14T15:43:22.726104+00:00,2026-08-14T15:43:48.528359+00:00,10000,0.5,1.0,0.0,0.0,0.0,0.0,0.0,0.0,0.0,0,0.0,61.08916699997735,99.71858299991254,125.47233400005098,775.1467476128734,0.0,results/phase_a_services/baseline/f7-duplicate-transaction-request/d0189835-0d9d-4373-93b1-a457ebe1eec3/rep-0004/summary.csv
baseline,f7-duplicate-transaction-request,services,0.05,10000,50,5,2026151404,2026-08-14T15:43:49.164569+00:00,2026-08-14T15:44:15.075890+00:00,10000,0.5,1.0,0.0,0.0,0.0,0.0,0.0,0.0,0.0,0,0.0,61.163687499970365,99.44612499998584,128.40070800007197,771.8816259705707,0.0,results/phase_a_services/baseline/f7-duplicate-transaction-request/2c63bf76-bdc2-4309-a761-3613447833fa/rep-0005/summary.csv
resilient,f7-duplicate-transaction-request,services,0.05,10000,50,1,2026151400,2026-08-14T15:44:15.673831+00:00,2026-08-14T15:44:57.051765+00:00,10000,0.5,0.9262,0.0022,0.0,0.0,0.0,0.0,0.0,0.0,0,0.0,99.00127099990641,159.27437499999542,195.14766599991162,483.3556876779452,0.0,results/phase_a_services/resilient/f7-duplicate-transaction-request/96ceec38-b69d-47a4-8851-23648b52a3ff/rep-0001/summary.csv
resilient,f7-duplicate-transaction-request,services,0.05,10000,50,2,2026151401,2026-08-14T15:44:57.696807+00:00,2026-08-14T15:45:39.442805+00:00,10000,0.5,0.92395,0.00195,0.0,0.0,0.0,0.0,0.0,0.0,0,0.0,99.89416650000749,159.66145800007325,193.3032499998717,479.0938395202947,0.0,results/phase_a_services/resilient/f7-duplicate-transaction-request/a02cfcc7-1d6a-4973-a3f8-86a91e4f558f/rep-0002/summary.csv
resilient,f7-duplicate-transaction-request,services,0.05,10000,50,3,2026151402,2026-08-14T15:45:40.054569+00:00,2026-08-14T15:46:21.274962+00:00,10000,0.5,0.92845,0.0014,0.0,0.0,0.0,0.0,0.0,0.0,0,0.0,98.64627100000689,158.17333299992242,191.72008399982587,485.2034861846222,0.0,results/phase_a_services/resilient/f7-duplicate-transaction-request/3cfe9a59-17f4-4108-8e3e-4ffcf8372e92/rep-0003/summary.csv
resilient,f7-duplicate-transaction-request,services,0.05,10000,50,4,2026151403,2026-08-14T15:46:21.931316+00:00,2026-08-14T16:03:48.075956+00:00,10000,0.5,0.92805,0.00225,0.0,0.00055,0.0,0.0,0.0,0.0001,0,0.0,99.56960399995296,160.64379099998405,198.79812499993932,479.51229763232607,0.0,results/phase_a_services/resilient/f7-duplicate-transaction-request/55be4db9-f0e9-4716-87b2-ae9aca9ae1cd/rep-0004/summary.csv
resilient,f7-duplicate-transaction-request,services,0.05,10000,50,5,2026151404,2026-08-14T16:03:48.791453+00:00,2026-08-14T17:30:25.358841+00:00,10000,0.5,0.92135,0.00625,0.0,0.0016,0.0,0.0,0.0,0.00015,0,0.0,133.27968750002128,275.80216700016535,381.58883400001287,338.20743229095586,0.0,results/phase_a_services/resilient/f7-duplicate-transaction-request/12d1fb85-d963-4428-ad5a-00206428e811/rep-0005/summary.csv
baseline,f8-concurrent-duplicate-transaction-requests,services,0.05,10000,50,1,2026161400,2026-08-14T17:30:26.013884+00:00,2026-08-14T17:30:52.449640+00:00,10000,0.5,1.0,0.0,0.0,0.0,0.0,0.0,0.0,0.0,0,0.0,62.45577050003703,101.07012499997836,124.04079199995977,756.3333547013235,0.0,results/phase_a_services/baseline/f8-concurrent-duplicate-transaction-requests/9e1e770b-fc7e-4584-b870-5220148000ed/rep-0001/summary.csv
baseline,f8-concurrent-duplicate-transaction-requests,services,0.05,10000,50,2,2026161401,2026-08-14T17:30:53.239325+00:00,2026-08-14T17:31:19.813516+00:00,10000,0.5,1.0,0.0,0.0,0.0,0.0,0.0,0.0,0.0,0,0.0,61.956958499877146,107.55666599993674,137.96687500007465,752.5856833264199,0.0,results/phase_a_services/baseline/f8-concurrent-duplicate-transaction-requests/2dd700e7-bc48-4326-aa90-5091addc9ce8/rep-0002/summary.csv
baseline,f8-concurrent-duplicate-transaction-requests,services,0.05,10000,50,3,2026161402,2026-08-14T17:31:20.597827+00:00,2026-08-14T17:31:48.214624+00:00,10000,0.5,1.0,0.0,0.0,0.0,0.0,0.0,0.0,0.0,0,0.0,62.99906250001186,113.75150000003487,160.6402499999149,724.2083799566948,0.0,results/phase_a_services/baseline/f8-concurrent-duplicate-transaction-requests/002e665e-c17a-443c-b8d8-efc984494f9e/rep-0003/summary.csv
baseline,f8-concurrent-duplicate-transaction-requests,services,0.05,10000,50,4,2026161403,2026-08-14T17:31:48.907687+00:00,2026-08-14T17:32:15.177186+00:00,10000,0.5,1.0,0.0,0.0,0.0,0.0,0.0,0.0,0.0,0,0.0,62.26377050006704,102.1771670000362,127.50520800000231,761.353325785533,0.0,results/phase_a_services/baseline/f8-concurrent-duplicate-transaction-requests/4db0d4f8-8a3d-4408-95d9-d3cd3608291b/rep-0004/summary.csv
baseline,f8-concurrent-duplicate-transaction-requests,services,0.05,10000,50,5,2026161404,2026-08-14T17:32:15.787385+00:00,2026-08-14T17:32:42.439326+00:00,10000,0.5,1.0,0.0,0.0,0.0,0.0,0.0,0.0,0.0,0,0.0,62.74950049999006,103.91554200009523,131.0390000001007,750.4266914348294,0.0,results/phase_a_services/baseline/f8-concurrent-duplicate-transaction-requests/204086cb-4d42-4651-9e1a-66458e98ab8f/rep-0005/summary.csv
resilient,f8-concurrent-duplicate-transaction-requests,services,0.05,10000,50,1,2026161400,2026-08-14T17:32:43.030397+00:00,2026-08-14T17:33:25.083330+00:00,10000,0.5,0.92625,0.00175,0.0,0.0,0.0,0.0,0.0,0.0001,0,0.0,100.85656249987096,161.20412500004022,194.48929200007115,475.5947399911358,0.0,results/phase_a_services/resilient/f8-concurrent-duplicate-transaction-requests/0cf42542-44a3-4bd0-86bf-c025724f4e28/rep-0001/summary.csv
resilient,f8-concurrent-duplicate-transaction-requests,services,0.05,10000,50,2,2026161401,2026-08-14T17:33:25.694299+00:00,2026-08-14T17:34:07.366799+00:00,10000,0.5,0.92435,0.00195,0.0,0.0,0.0,0.0,0.0,0.0,0,0.0,99.32470849992114,162.58225000001403,204.13062500006163,479.93762922545517,0.0,results/phase_a_services/resilient/f8-concurrent-duplicate-transaction-requests/760e92aa-a893-45d9-886c-f3ec8c480672/rep-0002/summary.csv
resilient,f8-concurrent-duplicate-transaction-requests,services,0.05,10000,50,3,2026161402,2026-08-14T17:34:08.037185+00:00,2026-08-14T17:34:54.090398+00:00,10000,0.5,0.9215,0.00155,0.0,0.0,0.0,0.0,0.0,0.0,0,0.0,97.82093749981868,234.3009170001551,410.1660000001175,434.28721365512,0.0,results/phase_a_services/resilient/f8-concurrent-duplicate-transaction-requests/1a45710d-b00b-4a96-96ce-c8b7b7184b0c/rep-0003/summary.csv
resilient,f8-concurrent-duplicate-transaction-requests,services,0.05,10000,50,4,2026161403,2026-08-14T17:34:54.847906+00:00,2026-08-14T17:35:41.560117+00:00,10000,0.5,0.9271,0.00165,0.0,0.0,0.0,0.0,0.0,5e-05,0,0.0,107.79693750032493,190.5002080002305,290.7180409997636,428.1568099269181,0.0,results/phase_a_services/resilient/f8-concurrent-duplicate-transaction-requests/67b3985d-ffc1-4356-b0fe-d6f52a8c798c/rep-0004/summary.csv
resilient,f8-concurrent-duplicate-transaction-requests,services,0.05,10000,50,5,2026161404,2026-08-14T17:35:42.249845+00:00,2026-08-14T17:36:39.383456+00:00,10000,0.5,0.92465,0.00415,0.0,0.0,0.0,0.0,0.0,0.00205,0,0.0,112.91491700012557,243.89337499997055,788.0483330000061,350.06009667649164,0.0,results/phase_a_services/resilient/f8-concurrent-duplicate-transaction-requests/88fda2c6-1784-4e36-9057-47d4ae19e0f0/rep-0005/summary.csv
baseline,f9-orchestrator-interruption-after-order,services,0.05,10000,50,1,2026171400,2026-08-14T17:36:40.081372+00:00,2026-08-14T17:36:51.722132+00:00,10000,1.0,0.0,1.0,0.0,0.0,0.0,0.0,0.0,1.0,0,0.0,53.85860449996471,91.72458299963182,128.4124169997085,859.1072734002532,0.0,results/phase_a_services/baseline/f9-orchestrator-interruption-after-order/e01f68ea-3d81-4ab1-80da-ff9c40f282d5/rep-0001/summary.csv
baseline,f9-orchestrator-interruption-after-order,services,0.05,10000,50,2,2026171401,2026-08-14T17:36:52.086071+00:00,2026-08-14T17:37:03.549978+00:00,10000,1.0,0.0,1.0,0.0,0.0,0.0,0.0,0.0,1.0,0,0.0,53.33185399990725,90.72474999993574,125.30854099986755,872.3567811654505,0.0,results/phase_a_services/baseline/f9-orchestrator-interruption-after-order/c3617e20-2795-4022-ac22-e7272c892a78/rep-0002/summary.csv
baseline,f9-orchestrator-interruption-after-order,services,0.05,10000,50,3,2026171402,2026-08-14T17:37:03.923705+00:00,2026-08-14T17:37:15.314423+00:00,10000,1.0,0.0,1.0,0.0,0.0,0.0,0.0,0.0,1.0,0,0.0,53.43860449988824,89.00533299993185,115.05833299997903,877.9728668850568,0.0,results/phase_a_services/baseline/f9-orchestrator-interruption-after-order/034a66b1-c4c3-48b7-aa95-6c6397787454/rep-0003/summary.csv
baseline,f9-orchestrator-interruption-after-order,services,0.05,10000,50,4,2026171403,2026-08-14T17:37:15.674626+00:00,2026-08-14T17:37:26.899704+00:00,10000,1.0,0.0,1.0,0.0,0.0,0.0,0.0,0.0,1.0,0,0.0,52.79456249991199,86.71179200018742,111.15125000014814,890.9192211741306,0.0,results/phase_a_services/baseline/f9-orchestrator-interruption-after-order/cc751cf2-7a85-4224-b007-f7f81e7d6131/rep-0004/summary.csv
baseline,f9-orchestrator-interruption-after-order,services,0.05,10000,50,5,2026171404,2026-08-14T17:37:27.269733+00:00,2026-08-14T17:37:38.249249+00:00,10000,1.0,0.0,1.0,0.0,0.0,0.0,0.0,0.0,1.0,0,0.0,51.64383350006574,82.5212080003439,105.32074999991892,910.8505136296644,0.0,results/phase_a_services/baseline/f9-orchestrator-interruption-after-order/1a7da810-06a3-493f-a65b-c7db597563b4/rep-0005/summary.csv
resilient,f9-orchestrator-interruption-after-order,services,0.05,10000,50,1,2026171400,2026-08-14T17:37:38.625167+00:00,2026-08-14T17:39:54.998227+00:00,10000,1.0,0.8636,0.0,0.9996,0.0,0.0,0.0,0.0,0.0,0,0.0,667.1344375001809,939.2271250003432,1127.4572080001235,73.32788868631775,674.8331848037143,results/phase_a_services/resilient/f9-orchestrator-interruption-after-order/5d36e470-5ebc-4fde-9c6e-bb73afb78a57/rep-0001/summary.csv
resilient,f9-orchestrator-interruption-after-order,services,0.05,10000,50,2,2026171401,2026-08-14T18:49:34.253915+00:00,2026-08-14T18:51:53.501439+00:00,10000,1.0,0.86,0.0,0.9996,0.0,0.0,0.0,0.0,0.0,0,0.0,682.584333500003,968.9015410000081,1138.74395900001,71.81587166725645,688.8206491212452,results/phase_a_services_reruns/resilient/f9-orchestrator-interruption-after-order/420a9ab2-04a7-4111-8ee5-552c59407006/rep-0002/summary.csv
resilient,f9-orchestrator-interruption-after-order,services,0.05,10000,50,3,2026171402,2026-08-14T17:48:26.724921+00:00,2026-08-14T17:50:36.723011+00:00,10000,1.0,0.8608,0.0,0.9993,0.0,0.0,0.0,0.0,0.0,0,0.0,637.6959585002169,896.5446669999437,1061.3705840000875,76.95097406862128,642.9831799663721,results/phase_a_services/resilient/f9-orchestrator-interruption-after-order/a0d1b101-bcde-4add-b52c-4c896d903073/rep-0003/summary.csv
resilient,f9-orchestrator-interruption-after-order,services,0.05,10000,50,4,2026171403,2026-08-14T17:50:37.139460+00:00,2026-08-14T17:52:56.202280+00:00,10000,1.0,0.8562,0.0,0.9995,0.0,0.0,0.0,0.0,0.0,0,0.0,678.4037499999158,976.4050409999072,1237.6287079996473,71.91083293337427,688.006831192697,results/phase_a_services/resilient/f9-orchestrator-interruption-after-order/49b56ba5-fc25-45a5-947e-ee2333695e86/rep-0004/summary.csv
resilient,f9-orchestrator-interruption-after-order,services,0.05,10000,50,5,2026171404,2026-08-14T17:52:56.600534+00:00,2026-08-14T17:55:14.527331+00:00,10000,1.0,0.8591,0.0,0.9997,0.0,0.0,0.0,0.0,0.0,0,0.0,681.1115834998418,950.7286250000107,1104.9528749999808,72.50312720035099,682.4492065010529,results/phase_a_services/resilient/f9-orchestrator-interruption-after-order/c91cf606-4ef1-4ccb-9f96-35cf9e23db9f/rep-0005/summary.csv
