scenario,configuredFailureRate,concurrency,metric,baselineMean,resilientMean,deltaResilientMinusBaseline,pairedBy
f0-no-failure,0.0,50,attemptSuccessRate,1.0,1.0,0.0,"scenario,configuredFailureRate,concurrency,randomSeed,repetitionNumber"
f0-no-failure,0.0,50,logicalTransactionSuccessRate,1.0,1.0,0.0,"scenario,configuredFailureRate,concurrency,randomSeed,repetitionNumber"
f0-no-failure,0.0,50,terminalFailedLogicalTransactions,0.0,0.0,0.0,"scenario,configuredFailureRate,concurrency,randomSeed,repetitionNumber"
f0-no-failure,0.0,50,nonTerminalLogicalTransactions,0.0,0.0,0.0,"scenario,configuredFailureRate,concurrency,randomSeed,repetitionNumber"
f0-no-failure,0.0,50,invariantViolationRate,0.0,0.0,0.0,"scenario,configuredFailureRate,concurrency,randomSeed,repetitionNumber"
f0-no-failure,0.0,50,duplicateOrderRate,0.0,0.0,0.0,"scenario,configuredFailureRate,concurrency,randomSeed,repetitionNumber"
f0-no-failure,0.0,50,duplicatePaymentRate,0.0,0.0,0.0,"scenario,configuredFailureRate,concurrency,randomSeed,repetitionNumber"
f0-no-failure,0.0,50,orphanedOrderRate,0.0,0.0,0.0,"scenario,configuredFailureRate,concurrency,randomSeed,repetitionNumber"
f0-no-failure,0.0,50,recoveryAttemptedRate,0.0,0.0,0.0,"scenario,configuredFailureRate,concurrency,randomSeed,repetitionNumber"
f0-no-failure,0.0,50,recoveryCompletedRate,0.0,0.0,0.0,"scenario,configuredFailureRate,concurrency,randomSeed,repetitionNumber"
f0-no-failure,0.0,50,recoveryFailedRate,0.0,0.0,0.0,"scenario,configuredFailureRate,concurrency,randomSeed,repetitionNumber"
f0-no-failure,0.0,50,recoverySuccessRate,NA,NA,NA,"scenario,configuredFailureRate,concurrency,randomSeed,repetitionNumber"
f0-no-failure,0.0,50,nonTerminalAfterRecoveryRate,NA,NA,NA,"scenario,configuredFailureRate,concurrency,randomSeed,repetitionNumber"
f0-no-failure,0.0,50,operationRetryCount,0.0,0.0,0.0,"scenario,configuredFailureRate,concurrency,randomSeed,repetitionNumber"
f0-no-failure,0.0,50,averageOperationRetryCount,0.0,0.0,0.0,"scenario,configuredFailureRate,concurrency,randomSeed,repetitionNumber"
f0-no-failure,0.0,50,compensationRetryCount,0.0,0.0,0.0,"scenario,configuredFailureRate,concurrency,randomSeed,repetitionNumber"
f0-no-failure,0.0,50,averageCompensationRetryCount,0.0,0.0,0.0,"scenario,configuredFailureRate,concurrency,randomSeed,repetitionNumber"
f0-no-failure,0.0,50,totalRetryCount,0.0,0.0,0.0,"scenario,configuredFailureRate,concurrency,randomSeed,repetitionNumber"
f0-no-failure,0.0,50,averageTotalRetryCount,0.0,0.0,0.0,"scenario,configuredFailureRate,concurrency,randomSeed,repetitionNumber"
f0-no-failure,0.0,50,compensationRate,0.0,0.0,0.0,"scenario,configuredFailureRate,concurrency,randomSeed,repetitionNumber"
f0-no-failure,0.0,50,p50LatencyMs,55.96752520000023,99.38730399999827,43.419778799998035,"scenario,configuredFailureRate,concurrency,randomSeed,repetitionNumber"
f0-no-failure,0.0,50,p95LatencyMs,88.39465820000107,160.52470019999987,72.1300419999988,"scenario,configuredFailureRate,concurrency,randomSeed,repetitionNumber"
f0-no-failure,0.0,50,p99LatencyMs,111.46368320000093,196.49599160000264,85.03230840000171,"scenario,configuredFailureRate,concurrency,randomSeed,repetitionNumber"
f0-no-failure,0.0,50,throughputTransactionsPerSecond,844.5302382198629,479.42806763328326,-365.10217058657963,"scenario,configuredFailureRate,concurrency,randomSeed,repetitionNumber"
f0-no-failure,0.0,50,averageRecoveryTimeMs,NA,NA,NA,"scenario,configuredFailureRate,concurrency,randomSeed,repetitionNumber"
f0-no-failure,0.0,50,p95RecoveryTimeMs,NA,NA,NA,"scenario,configuredFailureRate,concurrency,randomSeed,repetitionNumber"
f0-no-failure,0.0,50,actualInjectedFailureRate,0.0,0.0,0.0,"scenario,configuredFailureRate,concurrency,randomSeed,repetitionNumber"
f11-transient-payment-failure-recovery,0.01,50,attemptSuccessRate,0.98868,1.0,0.011319999999999997,"scenario,configuredFailureRate,concurrency,randomSeed,repetitionNumber"
f11-transient-payment-failure-recovery,0.01,50,logicalTransactionSuccessRate,0.98868,1.0,0.011319999999999997,"scenario,configuredFailureRate,concurrency,randomSeed,repetitionNumber"
f11-transient-payment-failure-recovery,0.01,50,terminalFailedLogicalTransactions,113.2,0.0,-113.2,"scenario,configuredFailureRate,concurrency,randomSeed,repetitionNumber"
f11-transient-payment-failure-recovery,0.01,50,nonTerminalLogicalTransactions,0.0,0.0,0.0,"scenario,configuredFailureRate,concurrency,randomSeed,repetitionNumber"
f11-transient-payment-failure-recovery,0.01,50,invariantViolationRate,0.01132,0.0,-0.01132,"scenario,configuredFailureRate,concurrency,randomSeed,repetitionNumber"
f11-transient-payment-failure-recovery,0.01,50,duplicateOrderRate,0.0,0.0,0.0,"scenario,configuredFailureRate,concurrency,randomSeed,repetitionNumber"
f11-transient-payment-failure-recovery,0.01,50,duplicatePaymentRate,0.0,0.0,0.0,"scenario,configuredFailureRate,concurrency,randomSeed,repetitionNumber"
f11-transient-payment-failure-recovery,0.01,50,orphanedOrderRate,0.0,0.0,0.0,"scenario,configuredFailureRate,concurrency,randomSeed,repetitionNumber"
f11-transient-payment-failure-recovery,0.01,50,recoveryAttemptedRate,0.0,0.0,0.0,"scenario,configuredFailureRate,concurrency,randomSeed,repetitionNumber"
f11-transient-payment-failure-recovery,0.01,50,recoveryCompletedRate,0.0,0.0,0.0,"scenario,configuredFailureRate,concurrency,randomSeed,repetitionNumber"
f11-transient-payment-failure-recovery,0.01,50,recoveryFailedRate,0.0,0.0,0.0,"scenario,configuredFailureRate,concurrency,randomSeed,repetitionNumber"
f11-transient-payment-failure-recovery,0.01,50,recoverySuccessRate,NA,NA,NA,"scenario,configuredFailureRate,concurrency,randomSeed,repetitionNumber"
f11-transient-payment-failure-recovery,0.01,50,nonTerminalAfterRecoveryRate,NA,NA,NA,"scenario,configuredFailureRate,concurrency,randomSeed,repetitionNumber"
f11-transient-payment-failure-recovery,0.01,50,operationRetryCount,0.0,113.2,113.2,"scenario,configuredFailureRate,concurrency,randomSeed,repetitionNumber"
f11-transient-payment-failure-recovery,0.01,50,averageOperationRetryCount,0.0,0.01132,0.01132,"scenario,configuredFailureRate,concurrency,randomSeed,repetitionNumber"
f11-transient-payment-failure-recovery,0.01,50,compensationRetryCount,0.0,0.0,0.0,"scenario,configuredFailureRate,concurrency,randomSeed,repetitionNumber"
f11-transient-payment-failure-recovery,0.01,50,averageCompensationRetryCount,0.0,0.0,0.0,"scenario,configuredFailureRate,concurrency,randomSeed,repetitionNumber"
f11-transient-payment-failure-recovery,0.01,50,totalRetryCount,0.0,113.2,113.2,"scenario,configuredFailureRate,concurrency,randomSeed,repetitionNumber"
f11-transient-payment-failure-recovery,0.01,50,averageTotalRetryCount,0.0,0.01132,0.01132,"scenario,configuredFailureRate,concurrency,randomSeed,repetitionNumber"
f11-transient-payment-failure-recovery,0.01,50,compensationRate,0.0,0.0,0.0,"scenario,configuredFailureRate,concurrency,randomSeed,repetitionNumber"
f11-transient-payment-failure-recovery,0.01,50,p50LatencyMs,71.03806659993097,133.25405859995954,62.215992000028564,"scenario,configuredFailureRate,concurrency,randomSeed,repetitionNumber"
f11-transient-payment-failure-recovery,0.01,50,p95LatencyMs,122.05366659991341,222.25522500002626,100.20155840011284,"scenario,configuredFailureRate,concurrency,randomSeed,repetitionNumber"
f11-transient-payment-failure-recovery,0.01,50,p99LatencyMs,152.6865167998949,272.0759831999203,119.38946640002541,"scenario,configuredFailureRate,concurrency,randomSeed,repetitionNumber"
f11-transient-payment-failure-recovery,0.01,50,throughputTransactionsPerSecond,664.2425306184547,358.79749237327627,-305.4450382451784,"scenario,configuredFailureRate,concurrency,randomSeed,repetitionNumber"
f11-transient-payment-failure-recovery,0.01,50,averageRecoveryTimeMs,NA,NA,NA,"scenario,configuredFailureRate,concurrency,randomSeed,repetitionNumber"
f11-transient-payment-failure-recovery,0.01,50,p95RecoveryTimeMs,NA,NA,NA,"scenario,configuredFailureRate,concurrency,randomSeed,repetitionNumber"
f11-transient-payment-failure-recovery,0.01,50,actualInjectedFailureRate,0.01132,0.01132,0.0,"scenario,configuredFailureRate,concurrency,randomSeed,repetitionNumber"
f11-transient-payment-failure-recovery,0.05,50,attemptSuccessRate,0.95058,0.99684,0.04625999999999997,"scenario,configuredFailureRate,concurrency,randomSeed,repetitionNumber"
f11-transient-payment-failure-recovery,0.05,50,logicalTransactionSuccessRate,0.95058,0.99988,0.04930000000000001,"scenario,configuredFailureRate,concurrency,randomSeed,repetitionNumber"
f11-transient-payment-failure-recovery,0.05,50,terminalFailedLogicalTransactions,494.2,1.2,-493.0,"scenario,configuredFailureRate,concurrency,randomSeed,repetitionNumber"
f11-transient-payment-failure-recovery,0.05,50,nonTerminalLogicalTransactions,0.0,0.0,0.0,"scenario,configuredFailureRate,concurrency,randomSeed,repetitionNumber"
f11-transient-payment-failure-recovery,0.05,50,invariantViolationRate,0.04942,0.00182,-0.047599999999999996,"scenario,configuredFailureRate,concurrency,randomSeed,repetitionNumber"
f11-transient-payment-failure-recovery,0.05,50,duplicateOrderRate,0.0,0.0,0.0,"scenario,configuredFailureRate,concurrency,randomSeed,repetitionNumber"
f11-transient-payment-failure-recovery,0.05,50,duplicatePaymentRate,0.0,0.0,0.0,"scenario,configuredFailureRate,concurrency,randomSeed,repetitionNumber"
f11-transient-payment-failure-recovery,0.05,50,orphanedOrderRate,0.0,0.0,0.0,"scenario,configuredFailureRate,concurrency,randomSeed,repetitionNumber"
f11-transient-payment-failure-recovery,0.05,50,recoveryAttemptedRate,0.0,0.0,0.0,"scenario,configuredFailureRate,concurrency,randomSeed,repetitionNumber"
f11-transient-payment-failure-recovery,0.05,50,recoveryCompletedRate,0.0,0.0,0.0,"scenario,configuredFailureRate,concurrency,randomSeed,repetitionNumber"
f11-transient-payment-failure-recovery,0.05,50,recoveryFailedRate,0.0,0.0,0.0,"scenario,configuredFailureRate,concurrency,randomSeed,repetitionNumber"
f11-transient-payment-failure-recovery,0.05,50,recoverySuccessRate,NA,NA,NA,"scenario,configuredFailureRate,concurrency,randomSeed,repetitionNumber"
f11-transient-payment-failure-recovery,0.05,50,nonTerminalAfterRecoveryRate,NA,NA,NA,"scenario,configuredFailureRate,concurrency,randomSeed,repetitionNumber"
f11-transient-payment-failure-recovery,0.05,50,operationRetryCount,0.0,498.6,498.6,"scenario,configuredFailureRate,concurrency,randomSeed,repetitionNumber"
f11-transient-payment-failure-recovery,0.05,50,averageOperationRetryCount,0.0,0.04986,0.04986,"scenario,configuredFailureRate,concurrency,randomSeed,repetitionNumber"
f11-transient-payment-failure-recovery,0.05,50,compensationRetryCount,0.0,0.0,0.0,"scenario,configuredFailureRate,concurrency,randomSeed,repetitionNumber"
f11-transient-payment-failure-recovery,0.05,50,averageCompensationRetryCount,0.0,0.0,0.0,"scenario,configuredFailureRate,concurrency,randomSeed,repetitionNumber"
f11-transient-payment-failure-recovery,0.05,50,totalRetryCount,0.0,498.6,498.6,"scenario,configuredFailureRate,concurrency,randomSeed,repetitionNumber"
f11-transient-payment-failure-recovery,0.05,50,averageTotalRetryCount,0.0,0.04986,0.04986,"scenario,configuredFailureRate,concurrency,randomSeed,repetitionNumber"
f11-transient-payment-failure-recovery,0.05,50,compensationRate,0.0,0.0,0.0,"scenario,configuredFailureRate,concurrency,randomSeed,repetitionNumber"
f11-transient-payment-failure-recovery,0.05,50,p50LatencyMs,81.1208959999476,169.20077090007908,88.07987490013147,"scenario,configuredFailureRate,concurrency,randomSeed,repetitionNumber"
f11-transient-payment-failure-recovery,0.05,50,p95LatencyMs,137.61695799994413,479.6213168000577,342.00435880011355,"scenario,configuredFailureRate,concurrency,randomSeed,repetitionNumber"
f11-transient-payment-failure-recovery,0.05,50,p99LatencyMs,172.0525164000719,952.3634998001398,780.3109834000679,"scenario,configuredFailureRate,concurrency,randomSeed,repetitionNumber"
f11-transient-payment-failure-recovery,0.05,50,throughputTransactionsPerSecond,580.5201255327914,281.986333874259,-298.53379165853244,"scenario,configuredFailureRate,concurrency,randomSeed,repetitionNumber"
f11-transient-payment-failure-recovery,0.05,50,averageRecoveryTimeMs,NA,NA,NA,"scenario,configuredFailureRate,concurrency,randomSeed,repetitionNumber"
f11-transient-payment-failure-recovery,0.05,50,p95RecoveryTimeMs,NA,NA,NA,"scenario,configuredFailureRate,concurrency,randomSeed,repetitionNumber"
f11-transient-payment-failure-recovery,0.05,50,actualInjectedFailureRate,0.049980000000000004,0.049980000000000004,0.0,"scenario,configuredFailureRate,concurrency,randomSeed,repetitionNumber"
f11-transient-payment-failure-recovery,0.1,50,attemptSuccessRate,0.9058,1.0,0.09419999999999995,"scenario,configuredFailureRate,concurrency,randomSeed,repetitionNumber"
f11-transient-payment-failure-recovery,0.1,50,logicalTransactionSuccessRate,0.9058,1.0,0.09419999999999995,"scenario,configuredFailureRate,concurrency,randomSeed,repetitionNumber"
f11-transient-payment-failure-recovery,0.1,50,terminalFailedLogicalTransactions,942.0,0.0,-942.0,"scenario,configuredFailureRate,concurrency,randomSeed,repetitionNumber"
f11-transient-payment-failure-recovery,0.1,50,nonTerminalLogicalTransactions,0.0,0.0,0.0,"scenario,configuredFailureRate,concurrency,randomSeed,repetitionNumber"
f11-transient-payment-failure-recovery,0.1,50,invariantViolationRate,0.0942,0.0,-0.0942,"scenario,configuredFailureRate,concurrency,randomSeed,repetitionNumber"
f11-transient-payment-failure-recovery,0.1,50,duplicateOrderRate,0.0,0.0,0.0,"scenario,configuredFailureRate,concurrency,randomSeed,repetitionNumber"
f11-transient-payment-failure-recovery,0.1,50,duplicatePaymentRate,0.0,0.0,0.0,"scenario,configuredFailureRate,concurrency,randomSeed,repetitionNumber"
f11-transient-payment-failure-recovery,0.1,50,orphanedOrderRate,0.0,0.0,0.0,"scenario,configuredFailureRate,concurrency,randomSeed,repetitionNumber"
f11-transient-payment-failure-recovery,0.1,50,recoveryAttemptedRate,0.0,0.0,0.0,"scenario,configuredFailureRate,concurrency,randomSeed,repetitionNumber"
f11-transient-payment-failure-recovery,0.1,50,recoveryCompletedRate,0.0,0.0,0.0,"scenario,configuredFailureRate,concurrency,randomSeed,repetitionNumber"
f11-transient-payment-failure-recovery,0.1,50,recoveryFailedRate,0.0,0.0,0.0,"scenario,configuredFailureRate,concurrency,randomSeed,repetitionNumber"
f11-transient-payment-failure-recovery,0.1,50,recoverySuccessRate,NA,NA,NA,"scenario,configuredFailureRate,concurrency,randomSeed,repetitionNumber"
f11-transient-payment-failure-recovery,0.1,50,nonTerminalAfterRecoveryRate,NA,NA,NA,"scenario,configuredFailureRate,concurrency,randomSeed,repetitionNumber"
f11-transient-payment-failure-recovery,0.1,50,operationRetryCount,0.0,942.0,942.0,"scenario,configuredFailureRate,concurrency,randomSeed,repetitionNumber"
f11-transient-payment-failure-recovery,0.1,50,averageOperationRetryCount,0.0,0.0942,0.0942,"scenario,configuredFailureRate,concurrency,randomSeed,repetitionNumber"
f11-transient-payment-failure-recovery,0.1,50,compensationRetryCount,0.0,0.0,0.0,"scenario,configuredFailureRate,concurrency,randomSeed,repetitionNumber"
f11-transient-payment-failure-recovery,0.1,50,averageCompensationRetryCount,0.0,0.0,0.0,"scenario,configuredFailureRate,concurrency,randomSeed,repetitionNumber"
f11-transient-payment-failure-recovery,0.1,50,totalRetryCount,0.0,942.0,942.0,"scenario,configuredFailureRate,concurrency,randomSeed,repetitionNumber"
f11-transient-payment-failure-recovery,0.1,50,averageTotalRetryCount,0.0,0.0942,0.0942,"scenario,configuredFailureRate,concurrency,randomSeed,repetitionNumber"
f11-transient-payment-failure-recovery,0.1,50,compensationRate,0.0,0.0,0.0,"scenario,configuredFailureRate,concurrency,randomSeed,repetitionNumber"
f11-transient-payment-failure-recovery,0.1,50,p50LatencyMs,83.37478319995171,142.94102500002737,59.56624180007566,"scenario,configuredFailureRate,concurrency,randomSeed,repetitionNumber"
f11-transient-payment-failure-recovery,0.1,50,p95LatencyMs,151.2862167998719,242.93772499986517,91.65150819999326,"scenario,configuredFailureRate,concurrency,randomSeed,repetitionNumber"
f11-transient-payment-failure-recovery,0.1,50,p99LatencyMs,202.17108339993501,318.9109670000107,116.7398836000757,"scenario,configuredFailureRate,concurrency,randomSeed,repetitionNumber"
f11-transient-payment-failure-recovery,0.1,50,throughputTransactionsPerSecond,553.7155363738599,333.1272794668143,-220.5882569070456,"scenario,configuredFailureRate,concurrency,randomSeed,repetitionNumber"
f11-transient-payment-failure-recovery,0.1,50,averageRecoveryTimeMs,NA,NA,NA,"scenario,configuredFailureRate,concurrency,randomSeed,repetitionNumber"
f11-transient-payment-failure-recovery,0.1,50,p95RecoveryTimeMs,NA,NA,NA,"scenario,configuredFailureRate,concurrency,randomSeed,repetitionNumber"
f11-transient-payment-failure-recovery,0.1,50,actualInjectedFailureRate,0.10078,0.10078,0.0,"scenario,configuredFailureRate,concurrency,randomSeed,repetitionNumber"
f11-transient-payment-failure-recovery,0.2,50,attemptSuccessRate,0.8301,1.0,0.16990000000000005,"scenario,configuredFailureRate,concurrency,randomSeed,repetitionNumber"
f11-transient-payment-failure-recovery,0.2,50,logicalTransactionSuccessRate,0.8301,1.0,0.16990000000000005,"scenario,configuredFailureRate,concurrency,randomSeed,repetitionNumber"
f11-transient-payment-failure-recovery,0.2,50,terminalFailedLogicalTransactions,1699.0,0.0,-1699.0,"scenario,configuredFailureRate,concurrency,randomSeed,repetitionNumber"
f11-transient-payment-failure-recovery,0.2,50,nonTerminalLogicalTransactions,0.0,0.0,0.0,"scenario,configuredFailureRate,concurrency,randomSeed,repetitionNumber"
f11-transient-payment-failure-recovery,0.2,50,invariantViolationRate,0.1699,0.0,-0.1699,"scenario,configuredFailureRate,concurrency,randomSeed,repetitionNumber"
f11-transient-payment-failure-recovery,0.2,50,duplicateOrderRate,0.0,0.0,0.0,"scenario,configuredFailureRate,concurrency,randomSeed,repetitionNumber"
f11-transient-payment-failure-recovery,0.2,50,duplicatePaymentRate,0.0,0.0,0.0,"scenario,configuredFailureRate,concurrency,randomSeed,repetitionNumber"
f11-transient-payment-failure-recovery,0.2,50,orphanedOrderRate,0.0,0.0,0.0,"scenario,configuredFailureRate,concurrency,randomSeed,repetitionNumber"
f11-transient-payment-failure-recovery,0.2,50,recoveryAttemptedRate,0.0,0.0,0.0,"scenario,configuredFailureRate,concurrency,randomSeed,repetitionNumber"
f11-transient-payment-failure-recovery,0.2,50,recoveryCompletedRate,0.0,0.0,0.0,"scenario,configuredFailureRate,concurrency,randomSeed,repetitionNumber"
f11-transient-payment-failure-recovery,0.2,50,recoveryFailedRate,0.0,0.0,0.0,"scenario,configuredFailureRate,concurrency,randomSeed,repetitionNumber"
f11-transient-payment-failure-recovery,0.2,50,recoverySuccessRate,NA,NA,NA,"scenario,configuredFailureRate,concurrency,randomSeed,repetitionNumber"
f11-transient-payment-failure-recovery,0.2,50,nonTerminalAfterRecoveryRate,NA,NA,NA,"scenario,configuredFailureRate,concurrency,randomSeed,repetitionNumber"
f11-transient-payment-failure-recovery,0.2,50,operationRetryCount,0.0,1699.0,1699.0,"scenario,configuredFailureRate,concurrency,randomSeed,repetitionNumber"
f11-transient-payment-failure-recovery,0.2,50,averageOperationRetryCount,0.0,0.1699,0.1699,"scenario,configuredFailureRate,concurrency,randomSeed,repetitionNumber"
f11-transient-payment-failure-recovery,0.2,50,compensationRetryCount,0.0,0.0,0.0,"scenario,configuredFailureRate,concurrency,randomSeed,repetitionNumber"
f11-transient-payment-failure-recovery,0.2,50,averageCompensationRetryCount,0.0,0.0,0.0,"scenario,configuredFailureRate,concurrency,randomSeed,repetitionNumber"
f11-transient-payment-failure-recovery,0.2,50,totalRetryCount,0.0,1699.0,1699.0,"scenario,configuredFailureRate,concurrency,randomSeed,repetitionNumber"
f11-transient-payment-failure-recovery,0.2,50,averageTotalRetryCount,0.0,0.1699,0.1699,"scenario,configuredFailureRate,concurrency,randomSeed,repetitionNumber"
f11-transient-payment-failure-recovery,0.2,50,compensationRate,0.0,0.0,0.0,"scenario,configuredFailureRate,concurrency,randomSeed,repetitionNumber"
f11-transient-payment-failure-recovery,0.2,50,p50LatencyMs,76.34379990004163,132.023341599961,55.679541699919355,"scenario,configuredFailureRate,concurrency,randomSeed,repetitionNumber"
f11-transient-payment-failure-recovery,0.2,50,p95LatencyMs,126.87686680001207,214.4995329998892,87.62266619987713,"scenario,configuredFailureRate,concurrency,randomSeed,repetitionNumber"
f11-transient-payment-failure-recovery,0.2,50,p99LatencyMs,160.23458339986973,257.55694179988495,97.32235840001522,"scenario,configuredFailureRate,concurrency,randomSeed,repetitionNumber"
f11-transient-payment-failure-recovery,0.2,50,throughputTransactionsPerSecond,619.7032117239006,363.7724858372086,-255.93072588669202,"scenario,configuredFailureRate,concurrency,randomSeed,repetitionNumber"
f11-transient-payment-failure-recovery,0.2,50,averageRecoveryTimeMs,NA,NA,NA,"scenario,configuredFailureRate,concurrency,randomSeed,repetitionNumber"
f11-transient-payment-failure-recovery,0.2,50,p95RecoveryTimeMs,NA,NA,NA,"scenario,configuredFailureRate,concurrency,randomSeed,repetitionNumber"
f11-transient-payment-failure-recovery,0.2,50,actualInjectedFailureRate,0.20132,0.20132,0.0,"scenario,configuredFailureRate,concurrency,randomSeed,repetitionNumber"
f12-compensation-failure-retry,0.01,50,attemptSuccessRate,0.99,0.99,0.0,"scenario,configuredFailureRate,concurrency,randomSeed,repetitionNumber"
f12-compensation-failure-retry,0.01,50,logicalTransactionSuccessRate,0.99,0.99,0.0,"scenario,configuredFailureRate,concurrency,randomSeed,repetitionNumber"
f12-compensation-failure-retry,0.01,50,terminalFailedLogicalTransactions,100.0,100.0,0.0,"scenario,configuredFailureRate,concurrency,randomSeed,repetitionNumber"
f12-compensation-failure-retry,0.01,50,nonTerminalLogicalTransactions,0.0,0.0,0.0,"scenario,configuredFailureRate,concurrency,randomSeed,repetitionNumber"
f12-compensation-failure-retry,0.01,50,invariantViolationRate,0.01,0.0,-0.01,"scenario,configuredFailureRate,concurrency,randomSeed,repetitionNumber"
f12-compensation-failure-retry,0.01,50,duplicateOrderRate,0.0,0.0,0.0,"scenario,configuredFailureRate,concurrency,randomSeed,repetitionNumber"
f12-compensation-failure-retry,0.01,50,duplicatePaymentRate,0.0,0.0,0.0,"scenario,configuredFailureRate,concurrency,randomSeed,repetitionNumber"
f12-compensation-failure-retry,0.01,50,orphanedOrderRate,0.0,0.0,0.0,"scenario,configuredFailureRate,concurrency,randomSeed,repetitionNumber"
f12-compensation-failure-retry,0.01,50,recoveryAttemptedRate,0.0,0.0,0.0,"scenario,configuredFailureRate,concurrency,randomSeed,repetitionNumber"
f12-compensation-failure-retry,0.01,50,recoveryCompletedRate,0.0,0.0,0.0,"scenario,configuredFailureRate,concurrency,randomSeed,repetitionNumber"
f12-compensation-failure-retry,0.01,50,recoveryFailedRate,0.0,0.0,0.0,"scenario,configuredFailureRate,concurrency,randomSeed,repetitionNumber"
f12-compensation-failure-retry,0.01,50,recoverySuccessRate,NA,NA,NA,"scenario,configuredFailureRate,concurrency,randomSeed,repetitionNumber"
f12-compensation-failure-retry,0.01,50,nonTerminalAfterRecoveryRate,NA,NA,NA,"scenario,configuredFailureRate,concurrency,randomSeed,repetitionNumber"
f12-compensation-failure-retry,0.01,50,operationRetryCount,0.0,0.0,0.0,"scenario,configuredFailureRate,concurrency,randomSeed,repetitionNumber"
f12-compensation-failure-retry,0.01,50,averageOperationRetryCount,0.0,0.0,0.0,"scenario,configuredFailureRate,concurrency,randomSeed,repetitionNumber"
f12-compensation-failure-retry,0.01,50,compensationRetryCount,0.0,100.0,100.0,"scenario,configuredFailureRate,concurrency,randomSeed,repetitionNumber"
f12-compensation-failure-retry,0.01,50,averageCompensationRetryCount,0.0,0.01,0.01,"scenario,configuredFailureRate,concurrency,randomSeed,repetitionNumber"
f12-compensation-failure-retry,0.01,50,totalRetryCount,0.0,100.0,100.0,"scenario,configuredFailureRate,concurrency,randomSeed,repetitionNumber"
f12-compensation-failure-retry,0.01,50,averageTotalRetryCount,0.0,0.01,0.01,"scenario,configuredFailureRate,concurrency,randomSeed,repetitionNumber"
f12-compensation-failure-retry,0.01,50,compensationRate,0.0,0.01,0.01,"scenario,configuredFailureRate,concurrency,randomSeed,repetitionNumber"
f12-compensation-failure-retry,0.01,50,p50LatencyMs,77.53116670005511,132.7090125999348,55.177845899879685,"scenario,configuredFailureRate,concurrency,randomSeed,repetitionNumber"
f12-compensation-failure-retry,0.01,50,p95LatencyMs,129.5876666001277,216.61695839993627,87.02929179980856,"scenario,configuredFailureRate,concurrency,randomSeed,repetitionNumber"
f12-compensation-failure-retry,0.01,50,p99LatencyMs,162.65069139999468,261.40095000000656,98.75025860001188,"scenario,configuredFailureRate,concurrency,randomSeed,repetitionNumber"
f12-compensation-failure-retry,0.01,50,throughputTransactionsPerSecond,610.1698399113374,361.18857214296935,-248.981267768368,"scenario,configuredFailureRate,concurrency,randomSeed,repetitionNumber"
f12-compensation-failure-retry,0.01,50,averageRecoveryTimeMs,NA,NA,NA,"scenario,configuredFailureRate,concurrency,randomSeed,repetitionNumber"
f12-compensation-failure-retry,0.01,50,p95RecoveryTimeMs,NA,NA,NA,"scenario,configuredFailureRate,concurrency,randomSeed,repetitionNumber"
f12-compensation-failure-retry,0.01,50,actualInjectedFailureRate,0.01,0.01,0.0,"scenario,configuredFailureRate,concurrency,randomSeed,repetitionNumber"
f12-compensation-failure-retry,0.05,50,attemptSuccessRate,0.95124,0.95124,0.0,"scenario,configuredFailureRate,concurrency,randomSeed,repetitionNumber"
f12-compensation-failure-retry,0.05,50,logicalTransactionSuccessRate,0.95124,0.95124,0.0,"scenario,configuredFailureRate,concurrency,randomSeed,repetitionNumber"
f12-compensation-failure-retry,0.05,50,terminalFailedLogicalTransactions,487.6,487.6,0.0,"scenario,configuredFailureRate,concurrency,randomSeed,repetitionNumber"
f12-compensation-failure-retry,0.05,50,nonTerminalLogicalTransactions,0.0,0.0,0.0,"scenario,configuredFailureRate,concurrency,randomSeed,repetitionNumber"
f12-compensation-failure-retry,0.05,50,invariantViolationRate,0.04876,0.0,-0.04876,"scenario,configuredFailureRate,concurrency,randomSeed,repetitionNumber"
f12-compensation-failure-retry,0.05,50,duplicateOrderRate,0.0,0.0,0.0,"scenario,configuredFailureRate,concurrency,randomSeed,repetitionNumber"
f12-compensation-failure-retry,0.05,50,duplicatePaymentRate,0.0,0.0,0.0,"scenario,configuredFailureRate,concurrency,randomSeed,repetitionNumber"
f12-compensation-failure-retry,0.05,50,orphanedOrderRate,0.0,0.0,0.0,"scenario,configuredFailureRate,concurrency,randomSeed,repetitionNumber"
f12-compensation-failure-retry,0.05,50,recoveryAttemptedRate,0.0,0.0,0.0,"scenario,configuredFailureRate,concurrency,randomSeed,repetitionNumber"
f12-compensation-failure-retry,0.05,50,recoveryCompletedRate,0.0,0.0,0.0,"scenario,configuredFailureRate,concurrency,randomSeed,repetitionNumber"
f12-compensation-failure-retry,0.05,50,recoveryFailedRate,0.0,0.0,0.0,"scenario,configuredFailureRate,concurrency,randomSeed,repetitionNumber"
f12-compensation-failure-retry,0.05,50,recoverySuccessRate,NA,NA,NA,"scenario,configuredFailureRate,concurrency,randomSeed,repetitionNumber"
f12-compensation-failure-retry,0.05,50,nonTerminalAfterRecoveryRate,NA,NA,NA,"scenario,configuredFailureRate,concurrency,randomSeed,repetitionNumber"
f12-compensation-failure-retry,0.05,50,operationRetryCount,0.0,0.0,0.0,"scenario,configuredFailureRate,concurrency,randomSeed,repetitionNumber"
f12-compensation-failure-retry,0.05,50,averageOperationRetryCount,0.0,0.0,0.0,"scenario,configuredFailureRate,concurrency,randomSeed,repetitionNumber"
f12-compensation-failure-retry,0.05,50,compensationRetryCount,0.0,484.4,484.4,"scenario,configuredFailureRate,concurrency,randomSeed,repetitionNumber"
f12-compensation-failure-retry,0.05,50,averageCompensationRetryCount,0.0,0.04844,0.04844,"scenario,configuredFailureRate,concurrency,randomSeed,repetitionNumber"
f12-compensation-failure-retry,0.05,50,totalRetryCount,0.0,484.4,484.4,"scenario,configuredFailureRate,concurrency,randomSeed,repetitionNumber"
f12-compensation-failure-retry,0.05,50,averageTotalRetryCount,0.0,0.04844,0.04844,"scenario,configuredFailureRate,concurrency,randomSeed,repetitionNumber"
f12-compensation-failure-retry,0.05,50,compensationRate,0.0,0.04876,0.04876,"scenario,configuredFailureRate,concurrency,randomSeed,repetitionNumber"
f12-compensation-failure-retry,0.05,50,p50LatencyMs,80.20755840007041,140.63282090010034,60.42526250002993,"scenario,configuredFailureRate,concurrency,randomSeed,repetitionNumber"
f12-compensation-failure-retry,0.05,50,p95LatencyMs,133.30006660016807,228.19579999995767,94.8957333997896,"scenario,configuredFailureRate,concurrency,randomSeed,repetitionNumber"
f12-compensation-failure-retry,0.05,50,p99LatencyMs,166.91346679990602,273.0772583999169,106.16379160001088,"scenario,configuredFailureRate,concurrency,randomSeed,repetitionNumber"
f12-compensation-failure-retry,0.05,50,throughputTransactionsPerSecond,589.8736115573652,342.79712806215196,-247.0764834952132,"scenario,configuredFailureRate,concurrency,randomSeed,repetitionNumber"
f12-compensation-failure-retry,0.05,50,averageRecoveryTimeMs,NA,NA,NA,"scenario,configuredFailureRate,concurrency,randomSeed,repetitionNumber"
f12-compensation-failure-retry,0.05,50,p95RecoveryTimeMs,NA,NA,NA,"scenario,configuredFailureRate,concurrency,randomSeed,repetitionNumber"
f12-compensation-failure-retry,0.05,50,actualInjectedFailureRate,0.04876,0.04876,0.0,"scenario,configuredFailureRate,concurrency,randomSeed,repetitionNumber"
f12-compensation-failure-retry,0.1,50,attemptSuccessRate,0.9009199999999999,0.90094,2.0000000000020002e-05,"scenario,configuredFailureRate,concurrency,randomSeed,repetitionNumber"
f12-compensation-failure-retry,0.1,50,logicalTransactionSuccessRate,0.9009199999999999,0.90094,2.0000000000020002e-05,"scenario,configuredFailureRate,concurrency,randomSeed,repetitionNumber"
f12-compensation-failure-retry,0.1,50,terminalFailedLogicalTransactions,990.8,990.6,-0.1999999999999318,"scenario,configuredFailureRate,concurrency,randomSeed,repetitionNumber"
f12-compensation-failure-retry,0.1,50,nonTerminalLogicalTransactions,0.0,0.0,0.0,"scenario,configuredFailureRate,concurrency,randomSeed,repetitionNumber"
f12-compensation-failure-retry,0.1,50,invariantViolationRate,0.0991,0.0,-0.0991,"scenario,configuredFailureRate,concurrency,randomSeed,repetitionNumber"
f12-compensation-failure-retry,0.1,50,duplicateOrderRate,0.0,0.0,0.0,"scenario,configuredFailureRate,concurrency,randomSeed,repetitionNumber"
f12-compensation-failure-retry,0.1,50,duplicatePaymentRate,0.0,0.0,0.0,"scenario,configuredFailureRate,concurrency,randomSeed,repetitionNumber"
f12-compensation-failure-retry,0.1,50,orphanedOrderRate,0.0,0.0,0.0,"scenario,configuredFailureRate,concurrency,randomSeed,repetitionNumber"
f12-compensation-failure-retry,0.1,50,recoveryAttemptedRate,0.0,0.0,0.0,"scenario,configuredFailureRate,concurrency,randomSeed,repetitionNumber"
f12-compensation-failure-retry,0.1,50,recoveryCompletedRate,0.0,0.0,0.0,"scenario,configuredFailureRate,concurrency,randomSeed,repetitionNumber"
f12-compensation-failure-retry,0.1,50,recoveryFailedRate,0.0,0.0,0.0,"scenario,configuredFailureRate,concurrency,randomSeed,repetitionNumber"
f12-compensation-failure-retry,0.1,50,recoverySuccessRate,NA,NA,NA,"scenario,configuredFailureRate,concurrency,randomSeed,repetitionNumber"
f12-compensation-failure-retry,0.1,50,nonTerminalAfterRecoveryRate,NA,NA,NA,"scenario,configuredFailureRate,concurrency,randomSeed,repetitionNumber"
f12-compensation-failure-retry,0.1,50,operationRetryCount,0.0,0.0,0.0,"scenario,configuredFailureRate,concurrency,randomSeed,repetitionNumber"
f12-compensation-failure-retry,0.1,50,averageOperationRetryCount,0.0,0.0,0.0,"scenario,configuredFailureRate,concurrency,randomSeed,repetitionNumber"
f12-compensation-failure-retry,0.1,50,compensationRetryCount,0.0,935.8,935.8,"scenario,configuredFailureRate,concurrency,randomSeed,repetitionNumber"
f12-compensation-failure-retry,0.1,50,averageCompensationRetryCount,0.0,0.09358,0.09358,"scenario,configuredFailureRate,concurrency,randomSeed,repetitionNumber"
f12-compensation-failure-retry,0.1,50,totalRetryCount,0.0,935.8,935.8,"scenario,configuredFailureRate,concurrency,randomSeed,repetitionNumber"
f12-compensation-failure-retry,0.1,50,averageTotalRetryCount,0.0,0.09358,0.09358,"scenario,configuredFailureRate,concurrency,randomSeed,repetitionNumber"
f12-compensation-failure-retry,0.1,50,compensationRate,0.0,0.09906,0.09906,"scenario,configuredFailureRate,concurrency,randomSeed,repetitionNumber"
f12-compensation-failure-retry,0.1,50,p50LatencyMs,61.13384600007521,123.3904247999817,62.25657879990649,"scenario,configuredFailureRate,concurrency,randomSeed,repetitionNumber"
f12-compensation-failure-retry,0.1,50,p95LatencyMs,99.54810020008154,201.59053340012179,102.04243320004025,"scenario,configuredFailureRate,concurrency,randomSeed,repetitionNumber"
f12-compensation-failure-retry,0.1,50,p99LatencyMs,135.57248339984653,243.85420000007798,108.28171660023145,"scenario,configuredFailureRate,concurrency,randomSeed,repetitionNumber"
f12-compensation-failure-retry,0.1,50,throughputTransactionsPerSecond,767.9186416724767,390.04505358414957,-377.87358808832715,"scenario,configuredFailureRate,concurrency,randomSeed,repetitionNumber"
f12-compensation-failure-retry,0.1,50,averageRecoveryTimeMs,NA,NA,NA,"scenario,configuredFailureRate,concurrency,randomSeed,repetitionNumber"
f12-compensation-failure-retry,0.1,50,p95RecoveryTimeMs,NA,NA,NA,"scenario,configuredFailureRate,concurrency,randomSeed,repetitionNumber"
f12-compensation-failure-retry,0.1,50,actualInjectedFailureRate,0.09906,0.09906,0.0,"scenario,configuredFailureRate,concurrency,randomSeed,repetitionNumber"
f12-compensation-failure-retry,0.2,50,attemptSuccessRate,0.79964,0.79964,0.0,"scenario,configuredFailureRate,concurrency,randomSeed,repetitionNumber"
f12-compensation-failure-retry,0.2,50,logicalTransactionSuccessRate,0.79964,0.79964,0.0,"scenario,configuredFailureRate,concurrency,randomSeed,repetitionNumber"
f12-compensation-failure-retry,0.2,50,terminalFailedLogicalTransactions,2003.6,2003.6,0.0,"scenario,configuredFailureRate,concurrency,randomSeed,repetitionNumber"
f12-compensation-failure-retry,0.2,50,nonTerminalLogicalTransactions,0.0,0.0,0.0,"scenario,configuredFailureRate,concurrency,randomSeed,repetitionNumber"
f12-compensation-failure-retry,0.2,50,invariantViolationRate,0.20036,0.0,-0.20036,"scenario,configuredFailureRate,concurrency,randomSeed,repetitionNumber"
f12-compensation-failure-retry,0.2,50,duplicateOrderRate,0.0,0.0,0.0,"scenario,configuredFailureRate,concurrency,randomSeed,repetitionNumber"
f12-compensation-failure-retry,0.2,50,duplicatePaymentRate,0.0,0.0,0.0,"scenario,configuredFailureRate,concurrency,randomSeed,repetitionNumber"
f12-compensation-failure-retry,0.2,50,orphanedOrderRate,0.0,0.0,0.0,"scenario,configuredFailureRate,concurrency,randomSeed,repetitionNumber"
f12-compensation-failure-retry,0.2,50,recoveryAttemptedRate,0.0,0.0,0.0,"scenario,configuredFailureRate,concurrency,randomSeed,repetitionNumber"
f12-compensation-failure-retry,0.2,50,recoveryCompletedRate,0.0,0.0,0.0,"scenario,configuredFailureRate,concurrency,randomSeed,repetitionNumber"
f12-compensation-failure-retry,0.2,50,recoveryFailedRate,0.0,0.0,0.0,"scenario,configuredFailureRate,concurrency,randomSeed,repetitionNumber"
f12-compensation-failure-retry,0.2,50,recoverySuccessRate,NA,NA,NA,"scenario,configuredFailureRate,concurrency,randomSeed,repetitionNumber"
f12-compensation-failure-retry,0.2,50,nonTerminalAfterRecoveryRate,NA,NA,NA,"scenario,configuredFailureRate,concurrency,randomSeed,repetitionNumber"
f12-compensation-failure-retry,0.2,50,operationRetryCount,0.0,0.0,0.0,"scenario,configuredFailureRate,concurrency,randomSeed,repetitionNumber"
f12-compensation-failure-retry,0.2,50,averageOperationRetryCount,0.0,0.0,0.0,"scenario,configuredFailureRate,concurrency,randomSeed,repetitionNumber"
f12-compensation-failure-retry,0.2,50,compensationRetryCount,0.0,1704.8,1704.8,"scenario,configuredFailureRate,concurrency,randomSeed,repetitionNumber"
f12-compensation-failure-retry,0.2,50,averageCompensationRetryCount,0.0,0.17048,0.17048,"scenario,configuredFailureRate,concurrency,randomSeed,repetitionNumber"
f12-compensation-failure-retry,0.2,50,totalRetryCount,0.0,1704.8,1704.8,"scenario,configuredFailureRate,concurrency,randomSeed,repetitionNumber"
f12-compensation-failure-retry,0.2,50,averageTotalRetryCount,0.0,0.17048,0.17048,"scenario,configuredFailureRate,concurrency,randomSeed,repetitionNumber"
f12-compensation-failure-retry,0.2,50,compensationRate,0.0,0.20036,0.20036,"scenario,configuredFailureRate,concurrency,randomSeed,repetitionNumber"
f12-compensation-failure-retry,0.2,50,p50LatencyMs,77.3244125999554,137.18667069997537,59.86225810001997,"scenario,configuredFailureRate,concurrency,randomSeed,repetitionNumber"
f12-compensation-failure-retry,0.2,50,p95LatencyMs,127.93890859984458,220.75612519984134,92.81721659999675,"scenario,configuredFailureRate,concurrency,randomSeed,repetitionNumber"
f12-compensation-failure-retry,0.2,50,p99LatencyMs,160.29924160020528,264.1255665999779,103.82632499977262,"scenario,configuredFailureRate,concurrency,randomSeed,repetitionNumber"
f12-compensation-failure-retry,0.2,50,throughputTransactionsPerSecond,611.7645601023809,350.2809272174834,-261.4836328848975,"scenario,configuredFailureRate,concurrency,randomSeed,repetitionNumber"
f12-compensation-failure-retry,0.2,50,averageRecoveryTimeMs,NA,NA,NA,"scenario,configuredFailureRate,concurrency,randomSeed,repetitionNumber"
f12-compensation-failure-retry,0.2,50,p95RecoveryTimeMs,NA,NA,NA,"scenario,configuredFailureRate,concurrency,randomSeed,repetitionNumber"
f12-compensation-failure-retry,0.2,50,actualInjectedFailureRate,0.20036,0.20036,0.0,"scenario,configuredFailureRate,concurrency,randomSeed,repetitionNumber"
f5-payment-succeeds-response-lost,0.01,50,attemptSuccessRate,0.98984,0.9997,0.00985999999999998,"scenario,configuredFailureRate,concurrency,randomSeed,repetitionNumber"
f5-payment-succeeds-response-lost,0.01,50,logicalTransactionSuccessRate,0.98984,0.9997,0.00985999999999998,"scenario,configuredFailureRate,concurrency,randomSeed,repetitionNumber"
f5-payment-succeeds-response-lost,0.01,50,terminalFailedLogicalTransactions,101.6,2.8,-98.8,"scenario,configuredFailureRate,concurrency,randomSeed,repetitionNumber"
f5-payment-succeeds-response-lost,0.01,50,nonTerminalLogicalTransactions,0.0,0.2,0.2,"scenario,configuredFailureRate,concurrency,randomSeed,repetitionNumber"
f5-payment-succeeds-response-lost,0.01,50,invariantViolationRate,0.01016,0.0,-0.01016,"scenario,configuredFailureRate,concurrency,randomSeed,repetitionNumber"
f5-payment-succeeds-response-lost,0.01,50,duplicateOrderRate,0.0,0.0,0.0,"scenario,configuredFailureRate,concurrency,randomSeed,repetitionNumber"
f5-payment-succeeds-response-lost,0.01,50,duplicatePaymentRate,0.0,0.0,0.0,"scenario,configuredFailureRate,concurrency,randomSeed,repetitionNumber"
f5-payment-succeeds-response-lost,0.01,50,orphanedOrderRate,0.0,0.0,0.0,"scenario,configuredFailureRate,concurrency,randomSeed,repetitionNumber"
f5-payment-succeeds-response-lost,0.01,50,recoveryAttemptedRate,0.0,0.0,0.0,"scenario,configuredFailureRate,concurrency,randomSeed,repetitionNumber"
f5-payment-succeeds-response-lost,0.01,50,recoveryCompletedRate,0.0,0.0,0.0,"scenario,configuredFailureRate,concurrency,randomSeed,repetitionNumber"
f5-payment-succeeds-response-lost,0.01,50,recoveryFailedRate,0.0,0.0,0.0,"scenario,configuredFailureRate,concurrency,randomSeed,repetitionNumber"
f5-payment-succeeds-response-lost,0.01,50,recoverySuccessRate,NA,NA,NA,"scenario,configuredFailureRate,concurrency,randomSeed,repetitionNumber"
f5-payment-succeeds-response-lost,0.01,50,nonTerminalAfterRecoveryRate,NA,NA,NA,"scenario,configuredFailureRate,concurrency,randomSeed,repetitionNumber"
f5-payment-succeeds-response-lost,0.01,50,operationRetryCount,0.0,0.0,0.0,"scenario,configuredFailureRate,concurrency,randomSeed,repetitionNumber"
f5-payment-succeeds-response-lost,0.01,50,averageOperationRetryCount,0.0,0.0,0.0,"scenario,configuredFailureRate,concurrency,randomSeed,repetitionNumber"
f5-payment-succeeds-response-lost,0.01,50,compensationRetryCount,0.0,0.0,0.0,"scenario,configuredFailureRate,concurrency,randomSeed,repetitionNumber"
f5-payment-succeeds-response-lost,0.01,50,averageCompensationRetryCount,0.0,0.0,0.0,"scenario,configuredFailureRate,concurrency,randomSeed,repetitionNumber"
f5-payment-succeeds-response-lost,0.01,50,totalRetryCount,0.0,0.0,0.0,"scenario,configuredFailureRate,concurrency,randomSeed,repetitionNumber"
f5-payment-succeeds-response-lost,0.01,50,averageTotalRetryCount,0.0,0.0,0.0,"scenario,configuredFailureRate,concurrency,randomSeed,repetitionNumber"
f5-payment-succeeds-response-lost,0.01,50,compensationRate,0.0,5.9999999999999995e-05,5.9999999999999995e-05,"scenario,configuredFailureRate,concurrency,randomSeed,repetitionNumber"
f5-payment-succeeds-response-lost,0.01,50,p50LatencyMs,56.44876679999982,89.29845409999757,32.849687299997754,"scenario,configuredFailureRate,concurrency,randomSeed,repetitionNumber"
f5-payment-succeeds-response-lost,0.01,50,p95LatencyMs,94.10574160000351,147.2968420000143,53.19110040001078,"scenario,configuredFailureRate,concurrency,randomSeed,repetitionNumber"
f5-payment-succeeds-response-lost,0.01,50,p99LatencyMs,381.5186420000032,1027.818816599995,646.3001745999918,"scenario,configuredFailureRate,concurrency,randomSeed,repetitionNumber"
f5-payment-succeeds-response-lost,0.01,50,throughputTransactionsPerSecond,756.6846173421274,435.72200621835304,-320.9626111237743,"scenario,configuredFailureRate,concurrency,randomSeed,repetitionNumber"
f5-payment-succeeds-response-lost,0.01,50,averageRecoveryTimeMs,NA,NA,NA,"scenario,configuredFailureRate,concurrency,randomSeed,repetitionNumber"
f5-payment-succeeds-response-lost,0.01,50,p95RecoveryTimeMs,NA,NA,NA,"scenario,configuredFailureRate,concurrency,randomSeed,repetitionNumber"
f5-payment-succeeds-response-lost,0.01,50,actualInjectedFailureRate,0.01016,0.01016,0.0,"scenario,configuredFailureRate,concurrency,randomSeed,repetitionNumber"
f5-payment-succeeds-response-lost,0.05,50,attemptSuccessRate,0.9495,1.0,0.05049999999999999,"scenario,configuredFailureRate,concurrency,randomSeed,repetitionNumber"
f5-payment-succeeds-response-lost,0.05,50,logicalTransactionSuccessRate,0.9495,1.0,0.05049999999999999,"scenario,configuredFailureRate,concurrency,randomSeed,repetitionNumber"
f5-payment-succeeds-response-lost,0.05,50,terminalFailedLogicalTransactions,505.0,0.0,-505.0,"scenario,configuredFailureRate,concurrency,randomSeed,repetitionNumber"
f5-payment-succeeds-response-lost,0.05,50,nonTerminalLogicalTransactions,0.0,0.0,0.0,"scenario,configuredFailureRate,concurrency,randomSeed,repetitionNumber"
f5-payment-succeeds-response-lost,0.05,50,invariantViolationRate,0.0505,0.0,-0.0505,"scenario,configuredFailureRate,concurrency,randomSeed,repetitionNumber"
f5-payment-succeeds-response-lost,0.05,50,duplicateOrderRate,0.0,0.0,0.0,"scenario,configuredFailureRate,concurrency,randomSeed,repetitionNumber"
f5-payment-succeeds-response-lost,0.05,50,duplicatePaymentRate,0.0,0.0,0.0,"scenario,configuredFailureRate,concurrency,randomSeed,repetitionNumber"
f5-payment-succeeds-response-lost,0.05,50,orphanedOrderRate,0.0,0.0,0.0,"scenario,configuredFailureRate,concurrency,randomSeed,repetitionNumber"
f5-payment-succeeds-response-lost,0.05,50,recoveryAttemptedRate,0.0,0.0,0.0,"scenario,configuredFailureRate,concurrency,randomSeed,repetitionNumber"
f5-payment-succeeds-response-lost,0.05,50,recoveryCompletedRate,0.0,0.0,0.0,"scenario,configuredFailureRate,concurrency,randomSeed,repetitionNumber"
f5-payment-succeeds-response-lost,0.05,50,recoveryFailedRate,0.0,0.0,0.0,"scenario,configuredFailureRate,concurrency,randomSeed,repetitionNumber"
f5-payment-succeeds-response-lost,0.05,50,recoverySuccessRate,NA,NA,NA,"scenario,configuredFailureRate,concurrency,randomSeed,repetitionNumber"
f5-payment-succeeds-response-lost,0.05,50,nonTerminalAfterRecoveryRate,NA,NA,NA,"scenario,configuredFailureRate,concurrency,randomSeed,repetitionNumber"
f5-payment-succeeds-response-lost,0.05,50,operationRetryCount,0.0,0.0,0.0,"scenario,configuredFailureRate,concurrency,randomSeed,repetitionNumber"
f5-payment-succeeds-response-lost,0.05,50,averageOperationRetryCount,0.0,0.0,0.0,"scenario,configuredFailureRate,concurrency,randomSeed,repetitionNumber"
f5-payment-succeeds-response-lost,0.05,50,compensationRetryCount,0.0,0.0,0.0,"scenario,configuredFailureRate,concurrency,randomSeed,repetitionNumber"
f5-payment-succeeds-response-lost,0.05,50,averageCompensationRetryCount,0.0,0.0,0.0,"scenario,configuredFailureRate,concurrency,randomSeed,repetitionNumber"
f5-payment-succeeds-response-lost,0.05,50,totalRetryCount,0.0,0.0,0.0,"scenario,configuredFailureRate,concurrency,randomSeed,repetitionNumber"
f5-payment-succeeds-response-lost,0.05,50,averageTotalRetryCount,0.0,0.0,0.0,"scenario,configuredFailureRate,concurrency,randomSeed,repetitionNumber"
f5-payment-succeeds-response-lost,0.05,50,compensationRate,0.0,0.0,0.0,"scenario,configuredFailureRate,concurrency,randomSeed,repetitionNumber"
f5-payment-succeeds-response-lost,0.05,50,p50LatencyMs,44.613104300009354,59.235454199995274,14.62234989998592,"scenario,configuredFailureRate,concurrency,randomSeed,repetitionNumber"
f5-payment-succeeds-response-lost,0.05,50,p95LatencyMs,360.4160499999807,981.2883336000141,620.8722836000334,"scenario,configuredFailureRate,concurrency,randomSeed,repetitionNumber"
f5-payment-succeeds-response-lost,0.05,50,p99LatencyMs,552.6425000000017,1592.1395917999916,1039.49709179999,"scenario,configuredFailureRate,concurrency,randomSeed,repetitionNumber"
f5-payment-succeeds-response-lost,0.05,50,throughputTransactionsPerSecond,685.1085368055953,353.4557799556569,-331.65275684993844,"scenario,configuredFailureRate,concurrency,randomSeed,repetitionNumber"
f5-payment-succeeds-response-lost,0.05,50,averageRecoveryTimeMs,NA,NA,NA,"scenario,configuredFailureRate,concurrency,randomSeed,repetitionNumber"
f5-payment-succeeds-response-lost,0.05,50,p95RecoveryTimeMs,NA,NA,NA,"scenario,configuredFailureRate,concurrency,randomSeed,repetitionNumber"
f5-payment-succeeds-response-lost,0.05,50,actualInjectedFailureRate,0.0505,0.0505,0.0,"scenario,configuredFailureRate,concurrency,randomSeed,repetitionNumber"
f5-payment-succeeds-response-lost,0.1,50,attemptSuccessRate,0.89844,1.0,0.10155999999999998,"scenario,configuredFailureRate,concurrency,randomSeed,repetitionNumber"
f5-payment-succeeds-response-lost,0.1,50,logicalTransactionSuccessRate,0.89844,1.0,0.10155999999999998,"scenario,configuredFailureRate,concurrency,randomSeed,repetitionNumber"
f5-payment-succeeds-response-lost,0.1,50,terminalFailedLogicalTransactions,1015.6,0.0,-1015.6,"scenario,configuredFailureRate,concurrency,randomSeed,repetitionNumber"
f5-payment-succeeds-response-lost,0.1,50,nonTerminalLogicalTransactions,0.0,0.0,0.0,"scenario,configuredFailureRate,concurrency,randomSeed,repetitionNumber"
f5-payment-succeeds-response-lost,0.1,50,invariantViolationRate,0.10156,0.0,-0.10156,"scenario,configuredFailureRate,concurrency,randomSeed,repetitionNumber"
f5-payment-succeeds-response-lost,0.1,50,duplicateOrderRate,0.0,0.0,0.0,"scenario,configuredFailureRate,concurrency,randomSeed,repetitionNumber"
f5-payment-succeeds-response-lost,0.1,50,duplicatePaymentRate,0.0,0.0,0.0,"scenario,configuredFailureRate,concurrency,randomSeed,repetitionNumber"
f5-payment-succeeds-response-lost,0.1,50,orphanedOrderRate,0.0,0.0,0.0,"scenario,configuredFailureRate,concurrency,randomSeed,repetitionNumber"
f5-payment-succeeds-response-lost,0.1,50,recoveryAttemptedRate,0.0,0.0,0.0,"scenario,configuredFailureRate,concurrency,randomSeed,repetitionNumber"
f5-payment-succeeds-response-lost,0.1,50,recoveryCompletedRate,0.0,0.0,0.0,"scenario,configuredFailureRate,concurrency,randomSeed,repetitionNumber"
f5-payment-succeeds-response-lost,0.1,50,recoveryFailedRate,0.0,0.0,0.0,"scenario,configuredFailureRate,concurrency,randomSeed,repetitionNumber"
f5-payment-succeeds-response-lost,0.1,50,recoverySuccessRate,NA,NA,NA,"scenario,configuredFailureRate,concurrency,randomSeed,repetitionNumber"
f5-payment-succeeds-response-lost,0.1,50,nonTerminalAfterRecoveryRate,NA,NA,NA,"scenario,configuredFailureRate,concurrency,randomSeed,repetitionNumber"
f5-payment-succeeds-response-lost,0.1,50,operationRetryCount,0.0,0.0,0.0,"scenario,configuredFailureRate,concurrency,randomSeed,repetitionNumber"
f5-payment-succeeds-response-lost,0.1,50,averageOperationRetryCount,0.0,0.0,0.0,"scenario,configuredFailureRate,concurrency,randomSeed,repetitionNumber"
f5-payment-succeeds-response-lost,0.1,50,compensationRetryCount,0.0,0.0,0.0,"scenario,configuredFailureRate,concurrency,randomSeed,repetitionNumber"
f5-payment-succeeds-response-lost,0.1,50,averageCompensationRetryCount,0.0,0.0,0.0,"scenario,configuredFailureRate,concurrency,randomSeed,repetitionNumber"
f5-payment-succeeds-response-lost,0.1,50,totalRetryCount,0.0,0.0,0.0,"scenario,configuredFailureRate,concurrency,randomSeed,repetitionNumber"
f5-payment-succeeds-response-lost,0.1,50,averageTotalRetryCount,0.0,0.0,0.0,"scenario,configuredFailureRate,concurrency,randomSeed,repetitionNumber"
f5-payment-succeeds-response-lost,0.1,50,compensationRate,0.0,0.0,0.0,"scenario,configuredFailureRate,concurrency,randomSeed,repetitionNumber"
f5-payment-succeeds-response-lost,0.1,50,p50LatencyMs,36.94985420000876,32.49454579998883,-4.455308400019931,"scenario,configuredFailureRate,concurrency,randomSeed,repetitionNumber"
f5-payment-succeeds-response-lost,0.1,50,p95LatencyMs,531.7042411999864,1541.8911084000001,1010.1868672000137,"scenario,configuredFailureRate,concurrency,randomSeed,repetitionNumber"
f5-payment-succeeds-response-lost,0.1,50,p99LatencyMs,551.0434999999916,1556.2315251999735,1005.1880251999819,"scenario,configuredFailureRate,concurrency,randomSeed,repetitionNumber"
f5-payment-succeeds-response-lost,0.1,50,throughputTransactionsPerSecond,561.9383978631032,263.5843610006991,-298.3540368624041,"scenario,configuredFailureRate,concurrency,randomSeed,repetitionNumber"
f5-payment-succeeds-response-lost,0.1,50,averageRecoveryTimeMs,NA,NA,NA,"scenario,configuredFailureRate,concurrency,randomSeed,repetitionNumber"
f5-payment-succeeds-response-lost,0.1,50,p95RecoveryTimeMs,NA,NA,NA,"scenario,configuredFailureRate,concurrency,randomSeed,repetitionNumber"
f5-payment-succeeds-response-lost,0.1,50,actualInjectedFailureRate,0.10156,0.10156,0.0,"scenario,configuredFailureRate,concurrency,randomSeed,repetitionNumber"
f5-payment-succeeds-response-lost,0.2,50,attemptSuccessRate,0.80116,1.0,0.19884000000000002,"scenario,configuredFailureRate,concurrency,randomSeed,repetitionNumber"
f5-payment-succeeds-response-lost,0.2,50,logicalTransactionSuccessRate,0.80116,1.0,0.19884000000000002,"scenario,configuredFailureRate,concurrency,randomSeed,repetitionNumber"
f5-payment-succeeds-response-lost,0.2,50,terminalFailedLogicalTransactions,1988.4,0.0,-1988.4,"scenario,configuredFailureRate,concurrency,randomSeed,repetitionNumber"
f5-payment-succeeds-response-lost,0.2,50,nonTerminalLogicalTransactions,0.0,0.0,0.0,"scenario,configuredFailureRate,concurrency,randomSeed,repetitionNumber"
f5-payment-succeeds-response-lost,0.2,50,invariantViolationRate,0.19884,0.0,-0.19884,"scenario,configuredFailureRate,concurrency,randomSeed,repetitionNumber"
f5-payment-succeeds-response-lost,0.2,50,duplicateOrderRate,0.0,0.0,0.0,"scenario,configuredFailureRate,concurrency,randomSeed,repetitionNumber"
f5-payment-succeeds-response-lost,0.2,50,duplicatePaymentRate,0.0,0.0,0.0,"scenario,configuredFailureRate,concurrency,randomSeed,repetitionNumber"
f5-payment-succeeds-response-lost,0.2,50,orphanedOrderRate,0.0,0.0,0.0,"scenario,configuredFailureRate,concurrency,randomSeed,repetitionNumber"
f5-payment-succeeds-response-lost,0.2,50,recoveryAttemptedRate,0.0,0.0,0.0,"scenario,configuredFailureRate,concurrency,randomSeed,repetitionNumber"
f5-payment-succeeds-response-lost,0.2,50,recoveryCompletedRate,0.0,0.0,0.0,"scenario,configuredFailureRate,concurrency,randomSeed,repetitionNumber"
f5-payment-succeeds-response-lost,0.2,50,recoveryFailedRate,0.0,0.0,0.0,"scenario,configuredFailureRate,concurrency,randomSeed,repetitionNumber"
f5-payment-succeeds-response-lost,0.2,50,recoverySuccessRate,NA,NA,NA,"scenario,configuredFailureRate,concurrency,randomSeed,repetitionNumber"
f5-payment-succeeds-response-lost,0.2,50,nonTerminalAfterRecoveryRate,NA,NA,NA,"scenario,configuredFailureRate,concurrency,randomSeed,repetitionNumber"
f5-payment-succeeds-response-lost,0.2,50,operationRetryCount,0.0,0.0,0.0,"scenario,configuredFailureRate,concurrency,randomSeed,repetitionNumber"
f5-payment-succeeds-response-lost,0.2,50,averageOperationRetryCount,0.0,0.0,0.0,"scenario,configuredFailureRate,concurrency,randomSeed,repetitionNumber"
f5-payment-succeeds-response-lost,0.2,50,compensationRetryCount,0.0,0.0,0.0,"scenario,configuredFailureRate,concurrency,randomSeed,repetitionNumber"
f5-payment-succeeds-response-lost,0.2,50,averageCompensationRetryCount,0.0,0.0,0.0,"scenario,configuredFailureRate,concurrency,randomSeed,repetitionNumber"
f5-payment-succeeds-response-lost,0.2,50,totalRetryCount,0.0,0.0,0.0,"scenario,configuredFailureRate,concurrency,randomSeed,repetitionNumber"
f5-payment-succeeds-response-lost,0.2,50,averageTotalRetryCount,0.0,0.0,0.0,"scenario,configuredFailureRate,concurrency,randomSeed,repetitionNumber"
f5-payment-succeeds-response-lost,0.2,50,compensationRate,0.0,0.0,0.0,"scenario,configuredFailureRate,concurrency,randomSeed,repetitionNumber"
f5-payment-succeeds-response-lost,0.2,50,p50LatencyMs,12.760178999974414,18.233366799927353,5.473187799952939,"scenario,configuredFailureRate,concurrency,randomSeed,repetitionNumber"
f5-payment-succeeds-response-lost,0.2,50,p95LatencyMs,513.7487420000298,1528.5707582000668,1014.8220162000371,"scenario,configuredFailureRate,concurrency,randomSeed,repetitionNumber"
f5-payment-succeeds-response-lost,0.2,50,p99LatencyMs,519.9033579999877,1538.8030080000135,1018.8996500000258,"scenario,configuredFailureRate,concurrency,randomSeed,repetitionNumber"
f5-payment-succeeds-response-lost,0.2,50,throughputTransactionsPerSecond,439.43629550997144,155.00586412630253,-284.4304313836689,"scenario,configuredFailureRate,concurrency,randomSeed,repetitionNumber"
f5-payment-succeeds-response-lost,0.2,50,averageRecoveryTimeMs,NA,NA,NA,"scenario,configuredFailureRate,concurrency,randomSeed,repetitionNumber"
f5-payment-succeeds-response-lost,0.2,50,p95RecoveryTimeMs,NA,NA,NA,"scenario,configuredFailureRate,concurrency,randomSeed,repetitionNumber"
f5-payment-succeeds-response-lost,0.2,50,actualInjectedFailureRate,0.19884,0.19884,0.0,"scenario,configuredFailureRate,concurrency,randomSeed,repetitionNumber"
f8-concurrent-duplicate-transaction-requests,1.0,50,attemptSuccessRate,1.0,0.92764,-0.07235999999999998,"scenario,configuredFailureRate,concurrency,randomSeed,repetitionNumber"
f8-concurrent-duplicate-transaction-requests,1.0,50,logicalTransactionSuccessRate,1.0,1.0,0.0,"scenario,configuredFailureRate,concurrency,randomSeed,repetitionNumber"
f8-concurrent-duplicate-transaction-requests,1.0,50,terminalFailedLogicalTransactions,0.0,0.0,0.0,"scenario,configuredFailureRate,concurrency,randomSeed,repetitionNumber"
f8-concurrent-duplicate-transaction-requests,1.0,50,nonTerminalLogicalTransactions,0.0,0.0,0.0,"scenario,configuredFailureRate,concurrency,randomSeed,repetitionNumber"
f8-concurrent-duplicate-transaction-requests,1.0,50,invariantViolationRate,0.0,0.0,0.0,"scenario,configuredFailureRate,concurrency,randomSeed,repetitionNumber"
f8-concurrent-duplicate-transaction-requests,1.0,50,duplicateOrderRate,0.0,0.0,0.0,"scenario,configuredFailureRate,concurrency,randomSeed,repetitionNumber"
f8-concurrent-duplicate-transaction-requests,1.0,50,duplicatePaymentRate,0.0,0.0,0.0,"scenario,configuredFailureRate,concurrency,randomSeed,repetitionNumber"
f8-concurrent-duplicate-transaction-requests,1.0,50,orphanedOrderRate,0.0,0.0,0.0,"scenario,configuredFailureRate,concurrency,randomSeed,repetitionNumber"
f8-concurrent-duplicate-transaction-requests,1.0,50,recoveryAttemptedRate,0.0,0.0,0.0,"scenario,configuredFailureRate,concurrency,randomSeed,repetitionNumber"
f8-concurrent-duplicate-transaction-requests,1.0,50,recoveryCompletedRate,0.0,0.0,0.0,"scenario,configuredFailureRate,concurrency,randomSeed,repetitionNumber"
f8-concurrent-duplicate-transaction-requests,1.0,50,recoveryFailedRate,0.0,0.0,0.0,"scenario,configuredFailureRate,concurrency,randomSeed,repetitionNumber"
f8-concurrent-duplicate-transaction-requests,1.0,50,recoverySuccessRate,NA,NA,NA,"scenario,configuredFailureRate,concurrency,randomSeed,repetitionNumber"
f8-concurrent-duplicate-transaction-requests,1.0,50,nonTerminalAfterRecoveryRate,NA,NA,NA,"scenario,configuredFailureRate,concurrency,randomSeed,repetitionNumber"
f8-concurrent-duplicate-transaction-requests,1.0,50,operationRetryCount,0.0,0.0,0.0,"scenario,configuredFailureRate,concurrency,randomSeed,repetitionNumber"
f8-concurrent-duplicate-transaction-requests,1.0,50,averageOperationRetryCount,0.0,0.0,0.0,"scenario,configuredFailureRate,concurrency,randomSeed,repetitionNumber"
f8-concurrent-duplicate-transaction-requests,1.0,50,compensationRetryCount,0.0,0.0,0.0,"scenario,configuredFailureRate,concurrency,randomSeed,repetitionNumber"
f8-concurrent-duplicate-transaction-requests,1.0,50,averageCompensationRetryCount,0.0,0.0,0.0,"scenario,configuredFailureRate,concurrency,randomSeed,repetitionNumber"
f8-concurrent-duplicate-transaction-requests,1.0,50,totalRetryCount,0.0,0.0,0.0,"scenario,configuredFailureRate,concurrency,randomSeed,repetitionNumber"
f8-concurrent-duplicate-transaction-requests,1.0,50,averageTotalRetryCount,0.0,0.0,0.0,"scenario,configuredFailureRate,concurrency,randomSeed,repetitionNumber"
f8-concurrent-duplicate-transaction-requests,1.0,50,compensationRate,0.0,0.0,0.0,"scenario,configuredFailureRate,concurrency,randomSeed,repetitionNumber"
f8-concurrent-duplicate-transaction-requests,1.0,50,p50LatencyMs,74.32153760000801,131.16139579999526,56.83985819998725,"scenario,configuredFailureRate,concurrency,randomSeed,repetitionNumber"
f8-concurrent-duplicate-transaction-requests,1.0,50,p95LatencyMs,125.79787479994593,214.42671679997147,88.62884200002554,"scenario,configuredFailureRate,concurrency,randomSeed,repetitionNumber"
f8-concurrent-duplicate-transaction-requests,1.0,50,p99LatencyMs,157.7597330000117,264.30835840005784,106.54862540004615,"scenario,configuredFailureRate,concurrency,randomSeed,repetitionNumber"
f8-concurrent-duplicate-transaction-requests,1.0,50,throughputTransactionsPerSecond,636.5227022417436,365.5167919801628,-271.00591026158077,"scenario,configuredFailureRate,concurrency,randomSeed,repetitionNumber"
f8-concurrent-duplicate-transaction-requests,1.0,50,averageRecoveryTimeMs,NA,NA,NA,"scenario,configuredFailureRate,concurrency,randomSeed,repetitionNumber"
f8-concurrent-duplicate-transaction-requests,1.0,50,p95RecoveryTimeMs,NA,NA,NA,"scenario,configuredFailureRate,concurrency,randomSeed,repetitionNumber"
f8-concurrent-duplicate-transaction-requests,1.0,50,actualInjectedFailureRate,0.5,0.5,0.0,"scenario,configuredFailureRate,concurrency,randomSeed,repetitionNumber"
f9-orchestrator-interruption-after-order,1.0,50,attemptSuccessRate,0.0,0.99886,0.99886,"scenario,configuredFailureRate,concurrency,randomSeed,repetitionNumber"
f9-orchestrator-interruption-after-order,1.0,50,logicalTransactionSuccessRate,0.0,0.99964,0.99964,"scenario,configuredFailureRate,concurrency,randomSeed,repetitionNumber"
f9-orchestrator-interruption-after-order,1.0,50,terminalFailedLogicalTransactions,10000.0,3.6,-9996.4,"scenario,configuredFailureRate,concurrency,randomSeed,repetitionNumber"
f9-orchestrator-interruption-after-order,1.0,50,nonTerminalLogicalTransactions,0.0,0.0,0.0,"scenario,configuredFailureRate,concurrency,randomSeed,repetitionNumber"
f9-orchestrator-interruption-after-order,1.0,50,invariantViolationRate,1.0,0.0006799999999999999,-0.99932,"scenario,configuredFailureRate,concurrency,randomSeed,repetitionNumber"
f9-orchestrator-interruption-after-order,1.0,50,duplicateOrderRate,0.0,0.0,0.0,"scenario,configuredFailureRate,concurrency,randomSeed,repetitionNumber"
f9-orchestrator-interruption-after-order,1.0,50,duplicatePaymentRate,0.0,0.0,0.0,"scenario,configuredFailureRate,concurrency,randomSeed,repetitionNumber"
f9-orchestrator-interruption-after-order,1.0,50,orphanedOrderRate,0.0,0.0,0.0,"scenario,configuredFailureRate,concurrency,randomSeed,repetitionNumber"
f9-orchestrator-interruption-after-order,1.0,50,recoveryAttemptedRate,0.0,0.99946,0.99946,"scenario,configuredFailureRate,concurrency,randomSeed,repetitionNumber"
f9-orchestrator-interruption-after-order,1.0,50,recoveryCompletedRate,0.0,0.99946,0.99946,"scenario,configuredFailureRate,concurrency,randomSeed,repetitionNumber"
f9-orchestrator-interruption-after-order,1.0,50,recoveryFailedRate,0.0,0.0,0.0,"scenario,configuredFailureRate,concurrency,randomSeed,repetitionNumber"
f9-orchestrator-interruption-after-order,1.0,50,recoverySuccessRate,NA,1.0,NA,"scenario,configuredFailureRate,concurrency,randomSeed,repetitionNumber"
f9-orchestrator-interruption-after-order,1.0,50,nonTerminalAfterRecoveryRate,NA,0.0,NA,"scenario,configuredFailureRate,concurrency,randomSeed,repetitionNumber"
f9-orchestrator-interruption-after-order,1.0,50,operationRetryCount,0.0,1.4,1.4,"scenario,configuredFailureRate,concurrency,randomSeed,repetitionNumber"
f9-orchestrator-interruption-after-order,1.0,50,averageOperationRetryCount,0.0,0.00014,0.00014,"scenario,configuredFailureRate,concurrency,randomSeed,repetitionNumber"
f9-orchestrator-interruption-after-order,1.0,50,compensationRetryCount,0.0,0.0,0.0,"scenario,configuredFailureRate,concurrency,randomSeed,repetitionNumber"
f9-orchestrator-interruption-after-order,1.0,50,averageCompensationRetryCount,0.0,0.0,0.0,"scenario,configuredFailureRate,concurrency,randomSeed,repetitionNumber"
f9-orchestrator-interruption-after-order,1.0,50,totalRetryCount,0.0,1.4,1.4,"scenario,configuredFailureRate,concurrency,randomSeed,repetitionNumber"
f9-orchestrator-interruption-after-order,1.0,50,averageTotalRetryCount,0.0,0.00014,0.00014,"scenario,configuredFailureRate,concurrency,randomSeed,repetitionNumber"
f9-orchestrator-interruption-after-order,1.0,50,compensationRate,0.0,0.0001,0.0001,"scenario,configuredFailureRate,concurrency,randomSeed,repetitionNumber"
f9-orchestrator-interruption-after-order,1.0,50,p50LatencyMs,64.58917079999082,121.73960410004838,57.15043330005756,"scenario,configuredFailureRate,concurrency,randomSeed,repetitionNumber"
f9-orchestrator-interruption-after-order,1.0,50,p95LatencyMs,106.99304159998064,207.76501639988965,100.771974799909,"scenario,configuredFailureRate,concurrency,randomSeed,repetitionNumber"
f9-orchestrator-interruption-after-order,1.0,50,p99LatencyMs,136.6481747999842,583.0156334000094,446.3674586000252,"scenario,configuredFailureRate,concurrency,randomSeed,repetitionNumber"
f9-orchestrator-interruption-after-order,1.0,50,throughputTransactionsPerSecond,730.4421050337421,376.6843755543757,-353.7577294793664,"scenario,configuredFailureRate,concurrency,randomSeed,repetitionNumber"
f9-orchestrator-interruption-after-order,1.0,50,averageRecoveryTimeMs,NA,124.12060133531129,NA,"scenario,configuredFailureRate,concurrency,randomSeed,repetitionNumber"
f9-orchestrator-interruption-after-order,1.0,50,p95RecoveryTimeMs,NA,193.04413360005128,NA,"scenario,configuredFailureRate,concurrency,randomSeed,repetitionNumber"
f9-orchestrator-interruption-after-order,1.0,50,actualInjectedFailureRate,0.0,0.99896,0.99896,"scenario,configuredFailureRate,concurrency,randomSeed,repetitionNumber"
